"dam","fosternest","tarsus","weight","mean_weight","mean_ratio"
"1","R187537","A1002",14.69,10,9.64444444444444,0.985195420450059
"2","R187537","A1002",14.77,9.8,9.64444444444444,0.985195420450059
"3","R187537","A1002",14.92,9.7,9.64444444444444,0.985195420450059
"4","R187537","A1002",14.54,9.6,9.64444444444444,0.985195420450059
"5","R187563","A1002",13.25,9.3,9.64444444444444,0.985195420450059
"6","R187563","A1002",13.63,9.2,9.64444444444444,0.985195420450059
"7","R187563","A1002",14.01,9.2,9.64444444444444,0.985195420450059
"8","R187563","A1002",14.69,10.1,9.64444444444444,0.985195420450059
"9","R187563","A1002",14.39,9.9,9.64444444444444,0.985195420450059
"10","R187539","A102",14.16,9.8,9.66666666666667,0.98746545598105
"11","R187539","A102",14.08,9.5,9.66666666666667,0.98746545598105
"12","R187539","A102",15.14,10.1,9.66666666666667,0.98746545598105
"13","R187539","A102",13.1,8.8,9.66666666666667,0.98746545598105
"14","R187566","A102",14.61,9.4,9.66666666666667,0.98746545598105
"15","R187566","A102",14.69,9.9,9.66666666666667,0.98746545598105
"16","R187566","A102",14.39,9.6,9.66666666666667,0.98746545598105
"17","R187566","A102",14.46,9.8,9.66666666666667,0.98746545598105
"18","R187566","A102",15.14,10.1,9.66666666666667,0.98746545598105
"19","R186910","A1202",14.54,10.2,9.7,0.990870509277536
"20","R186910","A1202",13.48,9.1,9.7,0.990870509277536
"21","R186910","A1202",14.77,10.4,9.7,0.990870509277536
"22","R186910","A1202",14.08,9.2,9.7,0.990870509277536
"23","R186910","A1202",15.07,10.3,9.7,0.990870509277536
"24","R186910","A1202",14.08,9.5,9.7,0.990870509277536
"25","R186910","A1202",13.86,9.2,9.7,0.990870509277536
"26","R187518","A1302",14.69,9.7,9.8375,1.00491635412554
"27","R187518","A1302",14.77,10.1,9.8375,1.00491635412554
"28","R187518","A1302",14.12,9.4,9.8375,1.00491635412554
"29","R187518","A1302",14.61,9.9,9.8375,1.00491635412554
"30","R187518","A1302",14.08,9.7,9.8375,1.00491635412554
"31","R187528","A1302",14.77,10.1,9.8375,1.00491635412554
"32","R187528","A1302",14.01,9.7,9.8375,1.00491635412554
"33","R187528","A1302",15.07,10.1,9.8375,1.00491635412554
"34","R187916","A1602",14.24,9.5,9.55454545454545,0.976012094892869
"35","R187916","A1602",14.01,9.4,9.55454545454545,0.976012094892869
"36","R187916","A1602",13.86,9.4,9.55454545454545,0.976012094892869
"37","R187916","A1602",13.93,9.2,9.55454545454545,0.976012094892869
"38","R187598","A1602",13.71,9.2,9.55454545454545,0.976012094892869
"39","R187598","A1602",14.31,10,9.55454545454545,0.976012094892869
"40","R187598","A1602",14.01,9.7,9.55454545454545,0.976012094892869
"41","R187598","A1602",14.16,9.4,9.55454545454545,0.976012094892869
"42","R187598","A1602",14.46,9.8,9.55454545454545,0.976012094892869
"43","R187598","A1602",14.77,10,9.55454545454545,0.976012094892869
"44","R187598","A1602",14.16,9.5,9.55454545454545,0.976012094892869
"45","R187515","A1802",15.37,10.5,9.6875,0.989593614291354
"46","R187515","A1802",13.86,9.3,9.6875,0.989593614291354
"47","R187515","A1802",14.54,10,9.6875,0.989593614291354
"48","R187527","A1802",14.01,9.4,9.6875,0.989593614291354
"49","R187527","A1802",14.73,10.3,9.6875,0.989593614291354
"50","R187527","A1802",13.4,9,9.6875,0.989593614291354
"51","R187527","A1802",14.31,9.8,9.6875,0.989593614291354
"52","R187527","A1802",13.25,9.2,9.6875,0.989593614291354
"53","R186903","A18B02",14.69,10.2,9.8,1.001085669167
"54","R186903","A18B02",14.46,9.6,9.8,1.001085669167
"55","R186903","A18B02",14.69,9.9,9.8,1.001085669167
"56","R186903","A18B02",14.61,10.1,9.8,1.001085669167
"57","Fem2","A18B02",14.39,9.5,9.8,1.001085669167
"58","Fem2","A18B02",14.69,9.5,9.8,1.001085669167
"59","Fem2","A18B02",14.77,9.8,9.8,1.001085669167
"60","R187512","A2202",14.39,10,9.71111111111111,0.992005527043032
"61","R187512","A2202",13.71,9.1,9.71111111111111,0.992005527043032
"62","R187512","A2202",15.37,10.6,9.71111111111111,0.992005527043032
"63","R187512","A2202",13.86,9.1,9.71111111111111,0.992005527043032
"64","P322402","A2202",14.69,9.9,9.71111111111111,0.992005527043032
"65","P322402","A2202",13.93,9.3,9.71111111111111,0.992005527043032
"66","P322402","A2202",14.99,9.8,9.71111111111111,0.992005527043032
"67","P322402","A2202",14.46,9.9,9.71111111111111,0.992005527043032
"68","P322402","A2202",14.24,9.7,9.71111111111111,0.992005527043032
"69","R187343","A22B02",13.86,9.3,9.41428571428571,0.961684338164796
"70","R187343","A22B02",13.93,9.3,9.41428571428571,0.961684338164796
"71","R187569","A22B02",14.16,9.7,9.41428571428571,0.961684338164796
"72","R187569","A22B02",14.01,9.5,9.41428571428571,0.961684338164796
"73","R187569","A22B02",13.93,9.2,9.41428571428571,0.961684338164796
"74","R187569","A22B02",13.4,9.2,9.41428571428571,0.961684338164796
"75","R187569","A22B02",14.24,9.7,9.41428571428571,0.961684338164796
"76","R187562","A2302",13.02,9,9.61111111111111,0.981790367153573
"77","R187562","A2302",13.93,9.8,9.61111111111111,0.981790367153573
"78","R187562","A2302",14.61,9.8,9.61111111111111,0.981790367153573
"79","R187562","A2302",14.54,9.9,9.61111111111111,0.981790367153573
"80","R187568","A2302",13.63,9.1,9.61111111111111,0.981790367153573
"81","R187568","A2302",14.39,9.8,9.61111111111111,0.981790367153573
"82","R187568","A2302",14.54,9.7,9.61111111111111,0.981790367153573
"83","R187568","A2302",14.69,10,9.61111111111111,0.981790367153573
"84","R187568","A2302",13.93,9.4,9.61111111111111,0.981790367153573
"85","R186911","A2502",14.84,9.7,9.8,1.001085669167
"86","R186911","A2502",14.01,10.1,9.8,1.001085669167
"87","R186909","A2502",14.39,9.6,9.8,1.001085669167
"88","R187528","A2602",14.46,9.7,9.79166666666667,1.00023440584287
"89","R187528","A2602",14.61,10,9.79166666666667,1.00023440584287
"90","R187528","A2602",14.16,9.4,9.79166666666667,1.00023440584287
"91","R187528","A2602",14.08,9.4,9.79166666666667,1.00023440584287
"92","R187528","A2602",14.08,9.5,9.79166666666667,1.00023440584287
"93","R187518","A2602",14.77,9.9,9.79166666666667,1.00023440584287
"94","R187518","A2602",14.84,10.1,9.79166666666667,1.00023440584287
"95","R187518","A2602",13.93,9.5,9.79166666666667,1.00023440584287
"96","R187518","A2602",14.69,10,9.79166666666667,1.00023440584287
"97","R187518","A2602",13.86,9.7,9.79166666666667,1.00023440584287
"98","R187518","A2602",15.37,10.4,9.79166666666667,1.00023440584287
"99","R187518","A2602",14.31,9.9,9.79166666666667,1.00023440584287
"100","R187563","A2702",14.54,10,9.94285714285714,1.01567875472337
"101","R187563","A2702",14.46,9.5,9.94285714285714,1.01567875472337
"102","R187563","A2702",14.61,9.8,9.94285714285714,1.01567875472337
"103","R187563","A2702",14.61,9.5,9.94285714285714,1.01567875472337
"104","R187537","A2702",15.07,10.3,9.94285714285714,1.01567875472337
"105","R187537","A2702",14.54,9.7,9.94285714285714,1.01567875472337
"106","R187537","A2702",15.98,10.8,9.94285714285714,1.01567875472337
"107","R187566","A302",14.69,9.9,9.91111111111111,1.01243584682195
"108","R187566","A302",14.77,10.1,9.91111111111111,1.01243584682195
"109","R187566","A302",15.3,10.3,9.91111111111111,1.01243584682195
"110","R187566","A302",15.14,10,9.91111111111111,1.01243584682195
"111","R187539","A302",14.46,9.7,9.91111111111111,1.01243584682195
"112","R187539","A302",13.93,9.6,9.91111111111111,1.01243584682195
"113","R187539","A302",14.69,9.9,9.91111111111111,1.01243584682195
"114","R187539","A302",14.54,9.6,9.91111111111111,1.01243584682195
"115","R187539","A302",14.69,10.1,9.91111111111111,1.01243584682195
"116","R187569","A502",14.69,10,9.6625,0.987039824318989
"117","R187569","A502",15.3,10.3,9.6625,0.987039824318989
"118","R187569","A502",14.69,9.7,9.6625,0.987039824318989
"119","R187569","A502",14.54,9.8,9.6625,0.987039824318989
"120","R187343","A502",13.86,9.3,9.6625,0.987039824318989
"121","R187343","A502",14.01,9.5,9.6625,0.987039824318989
"122","R187343","A502",14.16,9.4,9.6625,0.987039824318989
"123","R187343","A502",13.93,9.3,9.6625,0.987039824318989
"124","R187568","A602",14.99,9.9,9.49166666666667,0.969588926174497
"125","R187568","A602",14.92,9.7,9.49166666666667,0.969588926174497
"126","R187568","A602",14.24,9.7,9.49166666666667,0.969588926174497
"127","R187568","A602",13.78,9.3,9.49166666666667,0.969588926174497
"128","R187568","A602",14.31,9.6,9.49166666666667,0.969588926174497
"129","R187562","A602",13.78,9.5,9.49166666666667,0.969588926174497
"130","R187562","A602",13.78,9.2,9.49166666666667,0.969588926174497
"131","R187562","A602",13.25,9.1,9.49166666666667,0.969588926174497
"132","R187562","A602",13.25,9,9.49166666666667,0.969588926174497
"133","R187562","A602",13.71,9.3,9.49166666666667,0.969588926174497
"134","R187562","A602",14.39,9.7,9.49166666666667,0.969588926174497
"135","R187562","A602",14.24,9.9,9.49166666666667,0.969588926174497
"136","R187400","B1002",14.08,9.7,9.88888888888889,1.01016581129096
"137","R187400","B1002",15.22,10.3,9.88888888888889,1.01016581129096
"138","R187400","B1002",14.69,9.9,9.88888888888889,1.01016581129096
"139","R187400","B1002",14.84,10.2,9.88888888888889,1.01016581129096
"140","Fem3","B1002",14.99,9.9,9.88888888888889,1.01016581129096
"141","Fem3","B1002",14.31,10.1,9.88888888888889,1.01016581129096
"142","Fem3","B1002",14.54,9.9,9.88888888888889,1.01016581129096
"143","Fem3","B1002",14.08,9.3,9.88888888888889,1.01016581129096
"144","Fem3","B1002",14.39,9.7,9.88888888888889,1.01016581129096
"145","R187902","B1102",13.55,9,9,0.919364390051323
"146","R187902","B1102",13.63,9.3,9,0.919364390051323
"147","R186912","B1102",13.1,9.2,9,0.919364390051323
"148","R186912","B1102",13.25,8.8,9,0.919364390051323
"149","R186912","B1102",13.1,9.1,9,0.919364390051323
"150","R186912","B1102",13.1,8.6,9,0.919364390051323
"151","R187944","B1202",14.77,9.8,9.74285714285714,0.995248434944448
"152","R187944","B1202",14.69,9.7,9.74285714285714,0.995248434944448
"153","R187944","B1202",14.61,9.8,9.74285714285714,0.995248434944448
"154","R187947","B1202",14.77,10,9.74285714285714,0.995248434944448
"155","R187947","B1202",14.69,9.8,9.74285714285714,0.995248434944448
"156","R187947","B1202",14.31,9.3,9.74285714285714,0.995248434944448
"157","R187947","B1202",14.54,9.8,9.74285714285714,0.995248434944448
"158","R187958","B1302",14.61,9.7,9.78571428571429,0.999626360611359
"159","R187958","B1302",13.93,9.3,9.78571428571429,0.999626360611359
"160","R187958","B1302",14.24,9.3,9.78571428571429,0.999626360611359
"161","R187958","B1302",14.24,9.8,9.78571428571429,0.999626360611359
"162","R187953","B1302",14.77,10.2,9.78571428571429,0.999626360611359
"163","R187953","B1302",15.3,10.1,9.78571428571429,0.999626360611359
"164","R187953","B1302",14.84,10.1,9.78571428571429,0.999626360611359
"165","R186902","B1402",14.99,10,9.68888888888889,0.989735491512041
"166","R186902","B1402",13.93,9.3,9.68888888888889,0.989735491512041
"167","R186902","B1402",14.69,9.9,9.68888888888889,0.989735491512041
"168","R186902","B1402",13.86,9.2,9.68888888888889,0.989735491512041
"169","R186902","B1402",14.16,9.8,9.68888888888889,0.989735491512041
"170","R187000","B1402",14.39,9.6,9.68888888888889,0.989735491512041
"171","R187000","B1402",14.39,9.9,9.68888888888889,0.989735491512041
"172","R187000","B1402",15.37,10,9.68888888888889,0.989735491512041
"173","R187000","B1402",14.24,9.5,9.68888888888889,0.989735491512041
"174","R186908","B1602",12.57,8.6,9.78571428571429,0.999626360611359
"175","R186908","B1602",15.52,10.4,9.78571428571429,0.999626360611359
"176","R186908","B1602",14.69,10,9.78571428571429,0.999626360611359
"177","R187824","B1602",14.84,9.8,9.78571428571429,0.999626360611359
"178","R187824","B1602",14.61,10,9.78571428571429,0.999626360611359
"179","R187824","B1602",14.31,9.9,9.78571428571429,0.999626360611359
"180","R187824","B1602",14.54,9.8,9.78571428571429,0.999626360611359
"181","R187824","B1702",14.77,9.8,10.0875,1.03045425384919
"182","R187824","B1702",15.37,10.5,10.0875,1.03045425384919
"183","R187824","B1702",14.61,9.8,10.0875,1.03045425384919
"184","R186908","B1702",15.52,10.4,10.0875,1.03045425384919
"185","R186908","B1702",14.99,10.1,10.0875,1.03045425384919
"186","R186908","B1702",14.84,10.2,10.0875,1.03045425384919
"187","R186908","B1702",14.69,9.9,10.0875,1.03045425384919
"188","R186908","B1702",14.69,10,10.0875,1.03045425384919
"189","R187937","B1802",14.31,9.1,9.525,0.972993979470983
"190","R187937","B1802",15.07,10.2,9.525,0.972993979470983
"191","R187937","B1802",14.24,9.5,9.525,0.972993979470983
"192","R187942","B1802",13.71,9.3,9.525,0.972993979470983
"193","R187942","B1902",14.77,10,10,1.02151598894591
"194","R187942","B1902",14.08,9.5,10,1.02151598894591
"195","R187942","B1902",14.69,10,10,1.02151598894591
"196","R187937","B1902",14.84,10.2,10,1.02151598894591
"197","R187937","B1902",14.99,10.3,10,1.02151598894591
"198","R187547","B202",14.61,9.7,9.84545454545455,1.0057289236622
"199","R187547","B202",14.46,9.9,9.84545454545455,1.0057289236622
"200","R187547","B202",14.46,10,9.84545454545455,1.0057289236622
"201","R187547","B202",15.37,10.2,9.84545454545455,1.0057289236622
"202","R187239","B202",14.46,9.7,9.84545454545455,1.0057289236622
"203","R187239","B202",14.61,10,9.84545454545455,1.0057289236622
"204","R187239","B202",15.22,10.1,9.84545454545455,1.0057289236622
"205","R187239","B202",15.07,9.8,9.84545454545455,1.0057289236622
"206","R187239","B202",14.54,9.8,9.84545454545455,1.0057289236622
"207","R187239","B202",14.46,9.3,9.84545454545455,1.0057289236622
"208","R187239","B202",14.77,9.8,9.84545454545455,1.0057289236622
"209","R187927","B2102",14.84,10.2,9.78,0.999042637189104
"210","R187927","B2102",14.77,9.6,9.78,0.999042637189104
"211","R187940","B2102",14.08,9.7,9.78,0.999042637189104
"212","R187940","B2102",14.54,9.7,9.78,0.999042637189104
"213","R187940","B2102",14.31,9.7,9.78,0.999042637189104
"214","R187523","B2202",14.46,9.6,9.9,1.01130082905645
"215","R187523","B2202",14.54,9.8,9.9,1.01130082905645
"216","R187523","B2202",13.18,9.2,9.9,1.01130082905645
"217","R187523","B2202",14.69,10,9.9,1.01130082905645
"218","R187523","B2202",14.16,9.5,9.9,1.01130082905645
"219","R187521","B2202",14.92,10.3,9.9,1.01130082905645
"220","R187521","B2202",14.99,10.1,9.9,1.01130082905645
"221","R187521","B2202",15.3,10.3,9.9,1.01130082905645
"222","R187521","B2202",14.92,10.3,9.9,1.01130082905645
"223","R187541","B2502",14.77,10.1,10.02,1.02355902092381
"224","R187541","B2502",15.07,10.4,10.02,1.02355902092381
"225","R187541","B2502",15.18,10.1,10.02,1.02355902092381
"226","R187399","B2502",13.93,9.6,10.02,1.02355902092381
"227","R187399","B2502",15.03,10.1,10.02,1.02355902092381
"228","R187399","B2502",14.69,10,10.02,1.02355902092381
"229","R187399","B2502",14.77,9.9,10.02,1.02355902092381
"230","R187399","B2502",14.77,10.2,10.02,1.02355902092381
"231","R187399","B2502",13.86,9.6,10.02,1.02355902092381
"232","R187399","B2502",15.37,10.2,10.02,1.02355902092381
"233","R187932","B502",14.77,9.9,9.81111111111111,1.00222068693249
"234","R187932","B502",13.93,9.4,9.81111111111111,1.00222068693249
"235","R187932","B502",14.46,9.5,9.81111111111111,1.00222068693249
"236","R187932","B502",14.16,9.5,9.81111111111111,1.00222068693249
"237","R187932","B502",14.08,10,9.81111111111111,1.00222068693249
"238","R187590","B502",14.46,9.9,9.81111111111111,1.00222068693249
"239","R187590","B502",14.84,10,9.81111111111111,1.00222068693249
"240","R187590","B502",15.22,10.3,9.81111111111111,1.00222068693249
"241","R187590","B502",14.69,9.8,9.81111111111111,1.00222068693249
"242","R186918","B702",14.77,10.1,10.1,1.03173114883537
"243","R187953","B902",14.69,10.2,9.9625,1.01768530398737
"244","R187953","B902",14.77,9.7,9.9625,1.01768530398737
"245","R187953","B902",14.69,9.9,9.9625,1.01768530398737
"246","R187953","B902",15.37,10.5,9.9625,1.01768530398737
"247","R187958","B902",14.16,9.7,9.9625,1.01768530398737
"248","R187958","B902",14.61,9.7,9.9625,1.01768530398737
"249","R187958","B902",14.61,10.1,9.9625,1.01768530398737
"250","R187958","B902",14.92,9.9,9.9625,1.01768530398737
"251","R186907","C102",13.71,9.5,9.65,0.985762929332807
"252","R186907","C102",14.16,9.8,9.65,0.985762929332807
"253","R187030","C1302",15.45,10.2,10.07,1.02866660086854
"254","R187030","C1302",14.99,10,10.07,1.02866660086854
"255","R187030","C1302",15.07,10.3,10.07,1.02866660086854
"256","R187030","C1302",15.52,10.5,10.07,1.02866660086854
"257","R187030","C1302",15.45,10.6,10.07,1.02866660086854
"258","R187531","C1302",14.54,10.2,10.07,1.02866660086854
"259","R187531","C1302",14.39,9.9,10.07,1.02866660086854
"260","R187531","C1302",13.93,9.8,10.07,1.02866660086854
"261","R187531","C1302",14.61,9.7,10.07,1.02866660086854
"262","R187531","C1302",13.78,9.5,10.07,1.02866660086854
"263","Fem3","C1902",13.93,9.3,9.83333333333333,1.00449072246348
"264","Fem3","C1902",14.54,9.5,9.83333333333333,1.00449072246348
"265","Fem3","C1902",14.69,9.6,9.83333333333333,1.00449072246348
"266","Fem3","C1902",14.54,10.1,9.83333333333333,1.00449072246348
"267","Fem3","C1902",14.61,9.8,9.83333333333333,1.00449072246348
"268","R187400","C1902",14.24,9.4,9.83333333333333,1.00449072246348
"269","R187400","C1902",14.84,10.1,9.83333333333333,1.00449072246348
"270","R187400","C1902",15.22,10.5,9.83333333333333,1.00449072246348
"271","R187400","C1902",14.61,10.2,9.83333333333333,1.00449072246348
"272","R187920","C202",14.61,9.9,9.775,0.998531879194631
"273","R187920","C202",14.77,9.8,9.775,0.998531879194631
"274","R187920","C202",14.54,9.8,9.775,0.998531879194631
"275","R187936","C202",15.3,10.2,9.775,0.998531879194631
"276","R187936","C202",14.54,9.7,9.775,0.998531879194631
"277","R187936","C202",14.54,9.8,9.775,0.998531879194631
"278","R187936","C202",13.93,9.4,9.775,0.998531879194631
"279","R187936","C202",14.46,9.6,9.775,0.998531879194631
"280","R187398","C2202",13.71,9.1,9.95555555555556,1.01697591788393
"281","R187517","C2202",14.61,9.8,9.95555555555556,1.01697591788393
"282","R187517","C2202",14.54,9.8,9.95555555555556,1.01697591788393
"283","R187517","C2202",15.22,10.6,9.95555555555556,1.01697591788393
"284","R187517","C2202",14.99,10.3,9.95555555555556,1.01697591788393
"285","R187517","C2202",14.54,9.3,9.95555555555556,1.01697591788393
"286","R187517","C2202",15.37,10.5,9.95555555555556,1.01697591788393
"287","R187517","C2202",14.92,9.8,9.95555555555556,1.01697591788393
"288","R187517","C2202",14.99,10.4,9.95555555555556,1.01697591788393
"289","R187945","C2302",13.93,9.3,9.84,1.00517173312278
"290","R187945","C2302",14.77,10.1,9.84,1.00517173312278
"291","R187945","C2302",14.84,9.8,9.84,1.00517173312278
"292","R187945","C2302",14.77,9.8,9.84,1.00517173312278
"293","R187945","C2302",14.46,10,9.84,1.00517173312278
"294","R187594","C2302",14.92,10.3,9.84,1.00517173312278
"295","R187594","C2302",13.93,9.2,9.84,1.00517173312278
"296","R187594","C2302",14.61,10,9.84,1.00517173312278
"297","R187594","C2302",14.54,9.6,9.84,1.00517173312278
"298","R187594","C2302",14.84,10.3,9.84,1.00517173312278
"299","R187553","C2402",13.93,9.2,9.55714285714286,0.976277423721166
"300","R187553","C2402",14.54,9.9,9.55714285714286,0.976277423721166
"301","R187553","C2402",14.46,9.8,9.55714285714286,0.976277423721166
"302","R187595","C2402",13.78,9.4,9.55714285714286,0.976277423721166
"303","R187595","C2402",14.54,10,9.55714285714286,0.976277423721166
"304","R187595","C2402",13.86,9,9.55714285714286,0.976277423721166
"305","R187595","C2402",13.86,9.6,9.55714285714286,0.976277423721166
"306","R187571","C2602",14.77,10.2,9.82,1.00312870114489
"307","R187571","C2602",15.07,9.9,9.82,1.00312870114489
"308","R187571","C2602",14.08,9.4,9.82,1.00312870114489
"309","R187571","C2602",15.14,10.2,9.82,1.00312870114489
"310","R187552","C2602",14.39,9.7,9.82,1.00312870114489
"311","R187552","C2602",14.99,10,9.82,1.00312870114489
"312","R187552","C2602",14.16,9.2,9.82,1.00312870114489
"313","R187552","C2602",14.39,9.7,9.82,1.00312870114489
"314","R187552","C2602",14.84,9.8,9.82,1.00312870114489
"315","R187552","C2602",14.46,10.1,9.82,1.00312870114489
"316","R046109","C402",13.1,8.9,9.55,0.975547769443348
"317","R046109","C402",13.33,9.2,9.55,0.975547769443348
"318","R046109","C402",14.35,10,9.55,0.975547769443348
"319","R046108","C402",14.27,9.6,9.55,0.975547769443348
"320","R046108","C402",14.16,9.7,9.55,0.975547769443348
"321","R046108","C402",14.92,9.9,9.55,0.975547769443348
"322","R187517","C602",14.31,9.5,9.7,0.990870509277536
"323","R187517","C602",14.61,9.7,9.7,0.990870509277536
"324","R187517","C602",15.22,10.1,9.7,0.990870509277536
"325","R187517","C602",14.61,9.5,9.7,0.990870509277536
"326","R187517","C602",14.54,9.8,9.7,0.990870509277536
"327","R187398","C602",14.16,9.6,9.7,0.990870509277536
"328","R187398","C602",13.86,9.2,9.7,0.990870509277536
"329","R187398","C602",14.69,10.1,9.7,0.990870509277536
"330","R187398","C602",14.69,9.8,9.7,0.990870509277536
"331","R187545","D1002",16.81,11.4,10.0444444444444,1.0260560600079
"332","R187545","D1002",15.37,10.4,10.0444444444444,1.0260560600079
"333","R187545","D1002",14.69,10.1,10.0444444444444,1.0260560600079
"334","R187545","D1002",14.54,9.5,10.0444444444444,1.0260560600079
"335","R187545","D1002",14.54,9.4,10.0444444444444,1.0260560600079
"336","R187546","D1002",13.93,9.3,10.0444444444444,1.0260560600079
"337","R187546","D1002",14.99,10.2,10.0444444444444,1.0260560600079
"338","R187546","D1002",14.54,9.8,10.0444444444444,1.0260560600079
"339","R187546","D1002",14.92,10.3,10.0444444444444,1.0260560600079
"340","R187524","D102",14.31,9.4,9.77777777777778,0.998815633636005
"341","R187524","D102",14.77,10.1,9.77777777777778,0.998815633636005
"342","R187524","D102",14.84,9.8,9.77777777777778,0.998815633636005
"343","R187516","D102",14.54,9.7,9.77777777777778,0.998815633636005
"344","R187516","D102",14.61,10,9.77777777777778,0.998815633636005
"345","R187516","D102",14.01,9.4,9.77777777777778,0.998815633636005
"346","R187516","D102",14.77,9.8,9.77777777777778,0.998815633636005
"347","R187516","D102",15.3,10.4,9.77777777777778,0.998815633636005
"348","R187516","D102",14.01,9.4,9.77777777777778,0.998815633636005
"349","R187964","D1102",14.16,9.7,9.54,0.974526253454402
"350","R187964","D1102",14.61,9.8,9.54,0.974526253454402
"351","R187964","D1102",14.31,9.3,9.54,0.974526253454402
"352","R187963","D1102",14.24,9.2,9.54,0.974526253454402
"353","R187963","D1102",14.31,9.7,9.54,0.974526253454402
"354","R187582","D1202",13.63,9.2,9.44444444444444,0.964765100671141
"355","R187582","D1202",14.08,9.2,9.44444444444444,0.964765100671141
"356","R187582","D1202",14.46,9.8,9.44444444444444,0.964765100671141
"357","R187582","D1202",14.24,9.4,9.44444444444444,0.964765100671141
"358","R187582","D1202",14.92,9.7,9.44444444444444,0.964765100671141
"359","R187548","D1202",13.4,9.1,9.44444444444444,0.964765100671141
"360","R187548","D1202",13.63,9.3,9.44444444444444,0.964765100671141
"361","R187548","D1202",14.61,9.8,9.44444444444444,0.964765100671141
"362","R187548","D1202",14.08,9.5,9.44444444444444,0.964765100671141
"363","R187947","D1302",14.46,10.1,9.52857142857143,0.973358806609892
"364","R187947","D1302",14.08,9.5,9.52857142857143,0.973358806609892
"365","R187947","D1302",13.71,9.2,9.52857142857143,0.973358806609892
"366","R187947","D1302",14.08,9.5,9.52857142857143,0.973358806609892
"367","R187944","D1302",13.71,9.3,9.52857142857143,0.973358806609892
"368","R187944","D1302",13.86,9.6,9.52857142857143,0.973358806609892
"369","R187944","D1302",14.01,9.5,9.52857142857143,0.973358806609892
"370","R187590","D202",14.92,10.1,9.66363636363636,0.98715590568137
"371","R187590","D202",15.22,9.7,9.66363636363636,0.98715590568137
"372","R187590","D202",15.52,10.5,9.66363636363636,0.98715590568137
"373","R187590","D202",14.84,9.8,9.66363636363636,0.98715590568137
"374","R187590","D202",15.22,10.2,9.66363636363636,0.98715590568137
"375","R187932","D202",13.93,9.5,9.66363636363636,0.98715590568137
"376","R187932","D202",13.86,9.2,9.66363636363636,0.98715590568137
"377","R187932","D202",14.46,9.6,9.66363636363636,0.98715590568137
"378","R187932","D202",13.86,9.2,9.66363636363636,0.98715590568137
"379","R187932","D202",14.01,9.2,9.66363636363636,0.98715590568137
"380","R187932","D202",14.46,9.3,9.66363636363636,0.98715590568137
"381","R187940","D402",14.54,10,9.97,1.01845144097908
"382","R187940","D402",15.14,10.3,9.97,1.01845144097908
"383","R187940","D402",14.69,10.1,9.97,1.01845144097908
"384","R187927","D402",14.61,9.6,9.97,1.01845144097908
"385","R187927","D402",14.77,10.3,9.97,1.01845144097908
"386","R187927","D402",14.39,9.4,9.97,1.01845144097908
"387","R187927","D402",14.92,9.9,9.97,1.01845144097908
"388","R187927","D402",14.39,10.1,9.97,1.01845144097908
"389","R187927","D402",15.45,9.8,9.97,1.01845144097908
"390","R187927","D402",14.84,10.2,9.97,1.01845144097908
"391","R187540","D602",14.99,10.5,10.02,1.02355902092381
"392","R187540","D602",14.95,10,10.02,1.02355902092381
"393","R187540","D602",14.77,9.8,10.02,1.02355902092381
"394","R187540","D602",13.93,9.6,10.02,1.02355902092381
"395","R187540","D602",15.07,10.2,10.02,1.02355902092381
"396","R187239","D802",14.54,9.9,9.82857142857143,1.00400428627827
"397","R187239","D802",14.61,10,9.82857142857143,1.00400428627827
"398","R187239","D802",14.46,9.8,9.82857142857143,1.00400428627827
"399","R187239","D802",14.46,9.9,9.82857142857143,1.00400428627827
"400","R187547","D802",14.61,10.1,9.82857142857143,1.00400428627827
"401","R187547","D802",14.54,9.7,9.82857142857143,1.00400428627827
"402","R187547","D802",14.24,9.4,9.82857142857143,1.00400428627827
"403","R187546","D902",14.24,9.8,9.66,0.986784445321753
"404","R187546","D902",14.69,9.9,9.66,0.986784445321753
"405","R187546","D902",14.77,10.2,9.66,0.986784445321753
"406","R187546","D902",14.46,9.6,9.66,0.986784445321753
"407","R187546","D902",14.54,9.5,9.66,0.986784445321753
"408","R187545","D902",13.93,9.3,9.66,0.986784445321753
"409","R187545","D902",13.93,9.4,9.66,0.986784445321753
"410","R187545","D902",14.39,9.5,9.66,0.986784445321753
"411","R187545","D902",14.69,9.9,9.66,0.986784445321753
"412","R187545","D902",14.08,9.5,9.66,0.986784445321753
"413","R186907","E1002",13.33,9,9.63333333333333,0.984060402684564
"414","R186907","E1002",15.07,10,9.63333333333333,0.984060402684564
"415","R186907","E1002",14.61,9.9,9.63333333333333,0.984060402684564
"416","R187579","E1102",14.08,9.6,9.65555555555556,0.986330438215555
"417","R187579","E1102",14.54,9.4,9.65555555555556,0.986330438215555
"418","R187579","E1102",14.54,9.8,9.65555555555556,0.986330438215555
"419","R187166","E1102",13.93,9.4,9.65555555555556,0.986330438215555
"420","R187166","E1102",14.69,10,9.65555555555556,0.986330438215555
"421","R187166","E1102",14.08,9.8,9.65555555555556,0.986330438215555
"422","R187166","E1102",13.86,9.4,9.65555555555556,0.986330438215555
"423","R187166","E1102",14.92,10.1,9.65555555555556,0.986330438215555
"424","R187166","E1102",13.86,9.4,9.65555555555556,0.986330438215555
"425","R187166","E1202",15.3,10.6,9.9,1.01130082905645
"426","R187166","E1202",14.16,9.6,9.9,1.01130082905645
"427","R187166","E1202",14.69,9.8,9.9,1.01130082905645
"428","R187166","E1202",14.99,9.7,9.9,1.01130082905645
"429","R187579","E1202",14.92,9.5,9.9,1.01130082905645
"430","R187579","E1202",14.46,9.7,9.9,1.01130082905645
"431","R187579","E1202",14.69,10.2,9.9,1.01130082905645
"432","R187579","E1202",15.14,10.4,9.9,1.01130082905645
"433","R187579","E1202",14.08,9.6,9.9,1.01130082905645
"434","R187999","E1302",14.69,9.6,9.82222222222222,1.00335570469799
"435","R187999","E1302",14.77,9.9,9.82222222222222,1.00335570469799
"436","R187999","E1302",14.08,9.5,9.82222222222222,1.00335570469799
"437","R187961","E1302",14.24,9.7,9.82222222222222,1.00335570469799
"438","R187961","E1302",14.69,9.9,9.82222222222222,1.00335570469799
"439","R187961","E1302",14.54,9.6,9.82222222222222,1.00335570469799
"440","R187961","E1302",14.61,9.8,9.82222222222222,1.00335570469799
"441","R187961","E1302",15.22,10.2,9.82222222222222,1.00335570469799
"442","R187961","E1302",14.54,10.2,9.82222222222222,1.00335570469799
"443","R187516","E1402",14.88,10.2,9.9,1.01130082905645
"444","R187516","E1402",14.24,9.6,9.9,1.01130082905645
"445","R187516","E1402",14.54,9.9,9.9,1.01130082905645
"446","R187516","E1402",14.84,10,9.9,1.01130082905645
"447","R187524","E1402",14.69,9.5,9.9,1.01130082905645
"448","R187524","E1402",14.46,10,9.9,1.01130082905645
"449","R187524","E1402",14.92,9.9,9.9,1.01130082905645
"450","R187524","E1402",14.69,10.2,9.9,1.01130082905645
"451","R187524","E1402",14.77,9.8,9.9,1.01130082905645
"452","R187292","E1602",14.69,9.9,9.97142857142857,1.01859737183464
"453","R187292","E1602",14.77,10,9.97142857142857,1.01859737183464
"454","R187292","E1602",15.07,10,9.97142857142857,1.01859737183464
"455","R187292","E1602",14.61,9.8,9.97142857142857,1.01859737183464
"456","R187577","E1602",14.61,10,9.97142857142857,1.01859737183464
"457","R187577","E1602",14.16,9.8,9.97142857142857,1.01859737183464
"458","R187577","E1602",15.14,10.3,9.97142857142857,1.01859737183464
"459","R188000","E1702",14.46,9.8,9.82222222222222,1.00335570469799
"460","R188000","E1702",14.77,9.9,9.82222222222222,1.00335570469799
"461","R188000","E1702",14.69,10,9.82222222222222,1.00335570469799
"462","R187948","E1702",13.86,9.4,9.82222222222222,1.00335570469799
"463","R187948","E1702",14.46,9.7,9.82222222222222,1.00335570469799
"464","R187948","E1702",14.69,9.6,9.82222222222222,1.00335570469799
"465","R187948","E1702",13.86,9.7,9.82222222222222,1.00335570469799
"466","R187948","E1702",15.3,10.6,9.82222222222222,1.00335570469799
"467","R187948","E1702",14.39,9.7,9.82222222222222,1.00335570469799
"468","R187577","E1802",14.46,9.7,9.98333333333333,1.01981346229767
"469","R187577","E1802",15.45,10.4,9.98333333333333,1.01981346229767
"470","R187577","E1802",14.31,9.5,9.98333333333333,1.01981346229767
"471","R187577","E1802",14.54,10,9.98333333333333,1.01981346229767
"472","R187292","E1802",14.92,10.1,9.98333333333333,1.01981346229767
"473","R187292","E1802",15.64,10.2,9.98333333333333,1.01981346229767
"474","R187931","E1902",14.08,9.8,9.58333333333333,0.978952822739834
"475","R187931","E1902",13.78,9.4,9.58333333333333,0.978952822739834
"476","R187931","E1902",14.16,9.7,9.58333333333333,0.978952822739834
"477","R187931","E1902",13.86,9.4,9.58333333333333,0.978952822739834
"478","R187930","E1902",13.93,9.3,9.58333333333333,0.978952822739834
"479","R187930","E1902",14.46,9.9,9.58333333333333,0.978952822739834
"480","R187521","E2002",14.77,9.7,9.85714285714286,1.00692290338954
"481","R187521","E2002",15.37,10.1,9.85714285714286,1.00692290338954
"482","R187521","E2002",15.22,10.4,9.85714285714286,1.00692290338954
"483","R187521","E2002",15.45,10.4,9.85714285714286,1.00692290338954
"484","R187523","E2002",12.95,8.8,9.85714285714286,1.00692290338954
"485","R187523","E2002",14.92,10,9.85714285714286,1.00692290338954
"486","R187523","E2002",14.39,9.6,9.85714285714286,1.00692290338954
"487","R187594","E302",15.37,10.4,10,1.02151598894591
"488","R187594","E302",14.61,9.8,10,1.02151598894591
"489","R187594","E302",14.69,9.8,10,1.02151598894591
"490","R187594","E302",14.08,9.4,10,1.02151598894591
"491","R187594","E302",15.14,10.4,10,1.02151598894591
"492","R187945","E302",14.54,9.8,10,1.02151598894591
"493","R187945","E302",14.24,9.8,10,1.02151598894591
"494","R187945","E302",14.84,9.9,10,1.02151598894591
"495","R187945","E302",15.3,10.4,10,1.02151598894591
"496","R187945","E302",15.07,10.3,10,1.02151598894591
"497","R187399","E402",14.08,9.6,9.75,0.995978089222266
"498","R187399","E402",15.45,10.4,9.75,0.995978089222266
"499","R187541","E402",14.54,9.7,9.75,0.995978089222266
"500","R187541","E402",13.93,9.3,9.75,0.995978089222266
"501","R187155","E702",14.69,10.2,9.81,1.00210718515594
"502","R187155","E702",15.14,10.1,9.81,1.00210718515594
"503","R187155","E702",14.54,9.7,9.81,1.00210718515594
"504","R187155","E702",14.69,9.8,9.81,1.00210718515594
"505","R187588","E702",14.01,9.5,9.81,1.00210718515594
"506","R187588","E702",14.08,9.7,9.81,1.00210718515594
"507","R187588","E702",14.54,10,9.81,1.00210718515594
"508","R187588","E702",14.54,9.9,9.81,1.00210718515594
"509","R187588","E702",14.24,9.7,9.81,1.00210718515594
"510","R187588","E702",14.69,9.5,9.81,1.00210718515594
"511","R187961","E802",14.08,9.7,9.92857142857143,1.01421944616773
"512","R187961","E802",14.84,10.2,9.92857142857143,1.01421944616773
"513","R187961","E802",14.69,9.8,9.92857142857143,1.01421944616773
"514","R187999","E802",15.07,10.2,9.92857142857143,1.01421944616773
"515","R187999","E802",14.54,10,9.92857142857143,1.01421944616773
"516","R187999","E802",14.39,9.6,9.92857142857143,1.01421944616773
"517","R187999","E802",14.84,10,9.92857142857143,1.01421944616773
"518","R187548","E902",14.46,9.6,9.88888888888889,1.01016581129096
"519","R187548","E902",14.46,9.9,9.88888888888889,1.01016581129096
"520","R187548","E902",14.92,10,9.88888888888889,1.01016581129096
"521","R187548","E902",14.54,9.9,9.88888888888889,1.01016581129096
"522","R187548","E902",14.01,9.4,9.88888888888889,1.01016581129096
"523","R187582","E902",14.46,9.9,9.88888888888889,1.01016581129096
"524","R187582","E902",15.07,10.1,9.88888888888889,1.01016581129096
"525","R187582","E902",15.3,10.3,9.88888888888889,1.01016581129096
"526","R187582","E902",14.39,9.9,9.88888888888889,1.01016581129096
"527","R186912","F102",13.63,9.5,9.4,0.960225029609159
"528","R186912","F102",13.4,9.1,9.4,0.960225029609159
"529","R186912","F102",14.01,9.3,9.4,0.960225029609159
"530","R186912","F102",14.77,9.9,9.4,0.960225029609159
"531","R187902","F102",14.46,9.8,9.4,0.960225029609159
"532","R187902","F102",13.86,9.1,9.4,0.960225029609159
"533","R187902","F102",13.78,9.1,9.4,0.960225029609159
"534","R187592","F1102",14.92,10.1,9.93333333333333,1.01470588235294
"535","R187592","F1102",15.11,10.2,9.93333333333333,1.01470588235294
"536","R187592","F1102",14.31,9.7,9.93333333333333,1.01470588235294
"537","R187592","F1102",14.39,9.5,9.93333333333333,1.01470588235294
"538","R187592","F1102",14.69,9.7,9.93333333333333,1.01470588235294
"539","R187575","F1102",14.01,9.5,9.93333333333333,1.01470588235294
"540","R187575","F1102",14.99,10.4,9.93333333333333,1.01470588235294
"541","R187575","F1102",15.37,10.2,9.93333333333333,1.01470588235294
"542","R187575","F1102",14.61,10.1,9.93333333333333,1.01470588235294
"543","R187963","F1502",14.77,9.9,10.0444444444444,1.0260560600079
"544","R187963","F1502",14.24,9.9,10.0444444444444,1.0260560600079
"545","R187963","F1502",15.07,9.8,10.0444444444444,1.0260560600079
"546","R187963","F1502",13.93,9.6,10.0444444444444,1.0260560600079
"547","R187964","F1502",14.46,10.1,10.0444444444444,1.0260560600079
"548","R187964","F1502",14.77,10.2,10.0444444444444,1.0260560600079
"549","R187964","F1502",15.37,10.3,10.0444444444444,1.0260560600079
"550","R187964","F1502",15.37,10.7,10.0444444444444,1.0260560600079
"551","R187964","F1502",15.22,9.9,10.0444444444444,1.0260560600079
"552","R187531","F1702",13.86,9,10.0545454545455,1.02708789434016
"553","R187531","F1702",14.24,9.8,10.0545454545455,1.02708789434016
"554","R187531","F1702",15.45,10.4,10.0545454545455,1.02708789434016
"555","R187531","F1702",14.99,10,10.0545454545455,1.02708789434016
"556","R187531","F1702",14.31,9.8,10.0545454545455,1.02708789434016
"557","R187030","F1702",15.45,10.6,10.0545454545455,1.02708789434016
"558","R187030","F1702",15.14,10.3,10.0545454545455,1.02708789434016
"559","R187030","F1702",15.45,10.3,10.0545454545455,1.02708789434016
"560","R187030","F1702",14.99,10.2,10.0545454545455,1.02708789434016
"561","R187030","F1702",15.22,10.3,10.0545454545455,1.02708789434016
"562","R187030","F1702",14.61,9.9,10.0545454545455,1.02708789434016
"563","R187559","F1902",15.07,10.5,9.77272727272727,0.99829971646987
"564","R187559","F1902",13.93,9.6,9.77272727272727,0.99829971646987
"565","R187559","F1902",14.61,9.8,9.77272727272727,0.99829971646987
"566","R187559","F1902",15.3,10.3,9.77272727272727,0.99829971646987
"567","R187559","F1902",14.69,9.7,9.77272727272727,0.99829971646987
"568","R187559","F1902",15.37,10.3,9.77272727272727,0.99829971646987
"569","R187557","F1902",13.63,9.2,9.77272727272727,0.99829971646987
"570","R187557","F1902",14.69,10.1,9.77272727272727,0.99829971646987
"571","R187557","F1902",13.25,8.9,9.77272727272727,0.99829971646987
"572","R187557","F1902",13.93,9.6,9.77272727272727,0.99829971646987
"573","R187557","F1902",14.31,9.5,9.77272727272727,0.99829971646987
"574","Fem5","F202",14.39,9.6,9.86,1.00721476510067
"575","Fem5","F202",14.61,9.8,9.86,1.00721476510067
"576","Fem5","F202",14.99,9.8,9.86,1.00721476510067
"577","Fem5","F202",15.14,10.2,9.86,1.00721476510067
"578","R187941","F202",14.61,10.1,9.86,1.00721476510067
"579","R187941","F202",14.99,9.7,9.86,1.00721476510067
"580","R187941","F202",14.54,9.7,9.86,1.00721476510067
"581","R187941","F202",14.61,9.9,9.86,1.00721476510067
"582","R187941","F202",14.69,9.6,9.86,1.00721476510067
"583","R187941","F202",15.07,10.2,9.86,1.00721476510067
"584","R187557","F2102",13.55,8.9,9.63333333333333,0.984060402684564
"585","R187557","F2102",14.08,9.2,9.63333333333333,0.984060402684564
"586","R187557","F2102",13.71,9.3,9.63333333333333,0.984060402684564
"587","R187557","F2102",14.16,9.7,9.63333333333333,0.984060402684564
"588","R187557","F2102",13.4,9.1,9.63333333333333,0.984060402684564
"589","R187557","F2102",13.78,9.1,9.63333333333333,0.984060402684564
"590","R187559","F2102",15.07,10.1,9.63333333333333,0.984060402684564
"591","R187559","F2102",14.99,10.1,9.63333333333333,0.984060402684564
"592","R187559","F2102",15.07,10.3,9.63333333333333,0.984060402684564
"593","R187559","F2102",14.77,10.3,9.63333333333333,0.984060402684564
"594","R187559","F2102",14.54,9.6,9.63333333333333,0.984060402684564
"595","R187559","F2102",14.77,9.9,9.63333333333333,0.984060402684564
"596","R187588","F2402",13.4,8.9,9.92222222222222,1.01357086458745
"597","R187588","F2402",14.46,9.7,9.92222222222222,1.01357086458745
"598","R187588","F2402",14.39,9.9,9.92222222222222,1.01357086458745
"599","R187588","F2402",14.77,9.9,9.92222222222222,1.01357086458745
"600","R187588","F2402",14.61,9.9,9.92222222222222,1.01357086458745
"601","R187155","F2402",15.07,9.9,9.92222222222222,1.01357086458745
"602","R187155","F2402",15.3,10.3,9.92222222222222,1.01357086458745
"603","R187155","F2402",14.54,9.6,9.92222222222222,1.01357086458745
"604","R187155","F2402",15.6,11.2,9.92222222222222,1.01357086458745
"605","R187951","F2502",14.92,9.6,9.67,0.987805961310699
"606","R187951","F2502",14.84,10,9.67,0.987805961310699
"607","R187951","F2502",14.61,9.7,9.67,0.987805961310699
"608","R187951","F2502",13.93,9.2,9.67,0.987805961310699
"609","R187951","F2502",14.31,9.8,9.67,0.987805961310699
"610","R187951","F2502",14.54,9.6,9.67,0.987805961310699
"611","R187951","F2502",14.39,9.2,9.67,0.987805961310699
"612","R187951","F2502",14.77,9.9,9.67,0.987805961310699
"613","R187951","F2502",14.61,9.8,9.67,0.987805961310699
"614","R187951","F2502",14.46,9.9,9.67,0.987805961310699
"615","R187948","F2702",14.92,10.2,9.82,1.00312870114489
"616","R187948","F2702",14.92,9.7,9.82,1.00312870114489
"617","R188000","F2702",13.86,9.3,9.82,1.00312870114489
"618","R188000","F2702",14.46,10.1,9.82,1.00312870114489
"619","R188000","F2702",14.61,9.8,9.82,1.00312870114489
"620","R187575","F902",15.22,10.4,9.72727272727273,0.993656461974662
"621","R187575","F902",13.93,9.4,9.72727272727273,0.993656461974662
"622","R187575","F902",13.93,9.2,9.72727272727273,0.993656461974662
"623","R187575","F902",13.86,9.2,9.72727272727273,0.993656461974662
"624","R187575","F902",13.86,9.2,9.72727272727273,0.993656461974662
"625","R187592","F902",14.77,10,9.72727272727273,0.993656461974662
"626","R187592","F902",15.3,10.7,9.72727272727273,0.993656461974662
"627","R187592","F902",14.46,9.8,9.72727272727273,0.993656461974662
"628","R187592","F902",15.07,9.8,9.72727272727273,0.993656461974662
"629","R187592","F902",13.93,9.2,9.72727272727273,0.993656461974662
"630","R187592","F902",14.69,10.1,9.72727272727273,0.993656461974662
"631","R187535","G102",14.31,9.7,9.74545454545455,0.995513763772745
"632","R187535","G102",14.39,9.9,9.74545454545455,0.995513763772745
"633","R187535","G102",14.01,9.4,9.74545454545455,0.995513763772745
"634","R187535","G102",14.61,9.8,9.74545454545455,0.995513763772745
"635","R187535","G102",14.46,9.8,9.74545454545455,0.995513763772745
"636","R187086","G102",14.84,10.1,9.74545454545455,0.995513763772745
"637","R187086","G102",14.61,10.1,9.74545454545455,0.995513763772745
"638","R187086","G102",14.16,9.3,9.74545454545455,0.995513763772745
"639","R187086","G102",14.77,10.1,9.74545454545455,0.995513763772745
"640","R187086","G102",14.46,9.7,9.74545454545455,0.995513763772745
"641","R187086","G102",14.01,9.3,9.74545454545455,0.995513763772745
"642","R187914","G1202",14.61,9.8,10.1555555555556,1.03740623766285
"643","R187914","G1202",15.3,10.4,10.1555555555556,1.03740623766285
"644","R187914","G1202",15.37,10.6,10.1555555555556,1.03740623766285
"645","R187914","G1202",14.92,10.1,10.1555555555556,1.03740623766285
"646","R187955","G1202",14.99,10.1,10.1555555555556,1.03740623766285
"647","R187955","G1202",14.61,9.8,10.1555555555556,1.03740623766285
"648","R187955","G1202",15.07,10.3,10.1555555555556,1.03740623766285
"649","R187955","G1202",14.92,10.1,10.1555555555556,1.03740623766285
"650","R187955","G1202",14.84,10.2,10.1555555555556,1.03740623766285
"651","R187918","G1302",14.54,9.9,9.82857142857143,1.00400428627827
"652","R187918","G1302",14.99,10,9.82857142857143,1.00400428627827
"653","R187918","G1302",14.54,9.4,9.82857142857143,1.00400428627827
"654","R187925","G1302",14.77,9.8,9.82857142857143,1.00400428627827
"655","R187925","G1302",14.54,9.5,9.82857142857143,1.00400428627827
"656","R187925","G1302",14.92,10.1,9.82857142857143,1.00400428627827
"657","R187925","G1302",14.99,10.1,9.82857142857143,1.00400428627827
"658","R187598","G1602",14.77,9.9,9.725,0.993424299249901
"659","R187598","G1602",15.14,10.6,9.725,0.993424299249901
"660","R187598","G1602",14.54,10.1,9.725,0.993424299249901
"661","R187916","G1602",14.08,9.8,9.725,0.993424299249901
"662","R187916","G1602",13.86,9.4,9.725,0.993424299249901
"663","R187916","G1602",13.48,9,9.725,0.993424299249901
"664","R187916","G1602",13.33,9.4,9.725,0.993424299249901
"665","R187916","G1602",14.01,9.6,9.725,0.993424299249901
"666","R186901","G1702",14.16,9.6,9.7,0.990870509277536
"667","R186901","G1702",14.77,9.8,9.7,0.990870509277536
"668","R187000","G1802",14.01,9.5,9.54285714285714,0.974818115165529
"669","R187000","G1802",14.69,9.9,9.54285714285714,0.974818115165529
"670","R186902","G1802",14.46,9.7,9.54285714285714,0.974818115165529
"671","R186902","G1802",13.78,9.2,9.54285714285714,0.974818115165529
"672","R186902","G1802",13.93,9.4,9.54285714285714,0.974818115165529
"673","R186902","G1802",14.08,9.4,9.54285714285714,0.974818115165529
"674","R186902","G1802",14.16,9.7,9.54285714285714,0.974818115165529
"675","R187513","G1902",14.01,9.4,9.75714285714286,0.996707743500085
"676","R187513","G1902",14.39,9.9,9.75714285714286,0.996707743500085
"677","R187513","G1902",14.61,10,9.75714285714286,0.996707743500085
"678","R187573","G1902",14.46,9.9,9.75714285714286,0.996707743500085
"679","R187573","G1902",14.16,9.7,9.75714285714286,0.996707743500085
"680","R187573","G1902",14.69,9.8,9.75714285714286,0.996707743500085
"681","R187573","G1902",13.93,9.6,9.75714285714286,0.996707743500085
"682","R187930","G2202",13.86,9.7,9.58181818181818,0.978798047589994
"683","R187930","G2202",14.54,10.1,9.58181818181818,0.978798047589994
"684","R187930","G2202",14.08,9.4,9.58181818181818,0.978798047589994
"685","R187930","G2202",13.33,9.1,9.58181818181818,0.978798047589994
"686","R187931","G2202",13.93,10,9.58181818181818,0.978798047589994
"687","R187931","G2202",14.46,9.9,9.58181818181818,0.978798047589994
"688","R187931","G2202",14.46,9.6,9.58181818181818,0.978798047589994
"689","R187931","G2202",13.78,9,9.58181818181818,0.978798047589994
"690","R187931","G2202",14.61,9.6,9.58181818181818,0.978798047589994
"691","R187931","G2202",13.63,9.4,9.58181818181818,0.978798047589994
"692","R187931","G2202",14.92,9.6,9.58181818181818,0.978798047589994
"693","R187926","G402",13.93,9.1,9.78,0.999042637189104
"694","R187926","G402",15.07,10.2,9.78,0.999042637189104
"695","R187926","G402",14.61,10,9.78,0.999042637189104
"696","R187926","G402",14.69,10,9.78,0.999042637189104
"697","R187926","G402",14.24,9.7,9.78,0.999042637189104
"698","R187926","G402",14.08,9.6,9.78,0.999042637189104
"699","R187926","G402",14.54,9.8,9.78,0.999042637189104
"700","R187926","G402",14.61,10,9.78,0.999042637189104
"701","R187926","G402",14.16,9.7,9.78,0.999042637189104
"702","R187926","G402",14.08,9.5,9.78,0.999042637189104
"703","R187926","G402",14.46,10,9.78,0.999042637189104
"704","R187926","G402",14.54,9.7,9.78,0.999042637189104
"705","R187926","G402",14.39,9.6,9.78,0.999042637189104
"706","R187926","G402",14.39,9.8,9.78,0.999042637189104
"707","R187926","G402",14.77,10,9.78,0.999042637189104
"708","R187552","G502",14.01,9.5,9.71666666666667,0.99257303592578
"709","R187552","G502",14.08,9.5,9.71666666666667,0.99257303592578
"710","R187552","G502",14.54,9.7,9.71666666666667,0.99257303592578
"711","R187552","G502",14.24,9.4,9.71666666666667,0.99257303592578
"712","R187571","G502",14.69,9.8,9.71666666666667,0.99257303592578
"713","R187571","G502",14.92,10.4,9.71666666666667,0.99257303592578
"714","R187955","G602",14.84,9.9,10.0818181818182,1.02987384703729
"715","R187955","G602",14.61,9.8,10.0818181818182,1.02987384703729
"716","R187955","G602",14.46,9.9,10.0818181818182,1.02987384703729
"717","R187955","G602",14.84,10.3,10.0818181818182,1.02987384703729
"718","R187955","G602",14.69,10.1,10.0818181818182,1.02987384703729
"719","R187914","G602",14.24,9.6,10.0818181818182,1.02987384703729
"720","R187914","G602",14.92,10.1,10.0818181818182,1.02987384703729
"721","R187914","G602",15.37,10.4,10.0818181818182,1.02987384703729
"722","R187914","G602",15.07,10,10.0818181818182,1.02987384703729
"723","R187914","G602",15.3,10.3,10.0818181818182,1.02987384703729
"724","R187914","G602",15.67,10.5,10.0818181818182,1.02987384703729
"725","R187957","G702",14.39,10,9.92,1.01334386103435
"726","R187957","G702",14.69,10,9.92,1.01334386103435
"727","R187957","G702",14.54,9.9,9.92,1.01334386103435
"728","R187957","G702",14.16,9.5,9.92,1.01334386103435
"729","R187637","G702",14.84,10.2,9.92,1.01334386103435
"730","R187009","H102",14.92,10,9.7875,0.999808774180813
"731","R187001","H102",14.46,10,9.7875,0.999808774180813
"732","R187001","H102",14.39,9.6,9.7875,0.999808774180813
"733","R187001","H102",13.93,9.8,9.7875,0.999808774180813
"734","R187001","H102",14.46,9.6,9.7875,0.999808774180813
"735","R187001","H102",14.24,9.8,9.7875,0.999808774180813
"736","R187001","H102",14.01,9.3,9.7875,0.999808774180813
"737","R187001","H102",14.92,10.2,9.7875,0.999808774180813
"738","Fem20","H1102",13.93,9.4,9.78,0.999042637189104
"739","Fem20","H1102",14.54,9.9,9.78,0.999042637189104
"740","Fem20","H1102",14.77,9.9,9.78,0.999042637189104
"741","Fem20","H1102",14.08,9.4,9.78,0.999042637189104
"742","Fem20","H1102",14.61,9.8,9.78,0.999042637189104
"743","K983388","H1102",14.39,9.7,9.78,0.999042637189104
"744","K983388","H1102",14.24,9.7,9.78,0.999042637189104
"745","K983388","H1102",14.61,10.1,9.78,0.999042637189104
"746","K983388","H1102",14.77,10.1,9.78,0.999042637189104
"747","K983388","H1102",14.61,9.8,9.78,0.999042637189104
"748","K983388","H1302",14.92,9.8,9.78181818181818,0.999228367368912
"749","K983388","H1302",14.54,9.5,9.78181818181818,0.999228367368912
"750","K983388","H1302",14.77,9.9,9.78181818181818,0.999228367368912
"751","K983388","H1302",13.48,8.9,9.78181818181818,0.999228367368912
"752","K983388","H1302",14.54,10.1,9.78181818181818,0.999228367368912
"753","Fem20","H1302",14.77,9.7,9.78181818181818,0.999228367368912
"754","Fem20","H1302",14.39,9.7,9.78181818181818,0.999228367368912
"755","Fem20","H1302",13.25,8.9,9.78181818181818,0.999228367368912
"756","Fem20","H1302",14.77,10.4,9.78181818181818,0.999228367368912
"757","Fem20","H1302",14.69,9.9,9.78181818181818,0.999228367368912
"758","Fem20","H1302",15.45,10.8,9.78181818181818,0.999228367368912
"759","R187637","H1802",14.31,9.8,9.9,1.01130082905645
"760","R187637","H1802",14.61,9.9,9.9,1.01130082905645
"761","R187957","H1802",14.54,9.8,9.9,1.01130082905645
"762","R187957","H1802",14.77,10,9.9,1.01130082905645
"763","R187957","H1802",14.92,10.2,9.9,1.01130082905645
"764","R187957","H1802",14.16,9.7,9.9,1.01130082905645
"765","R186918","H2502",13.86,9.6,9.8,1.001085669167
"766","R186918","H2502",14.31,9.6,9.8,1.001085669167
"767","R186917","H2502",14.61,10.1,9.8,1.001085669167
"768","R186917","H2502",14.31,9.8,9.8,1.001085669167
"769","R186917","H2502",14.31,9.7,9.8,1.001085669167
"770","R186917","H2502",14.61,10.3,9.8,1.001085669167
"771","R186917","H2502",14.92,10.1,9.8,1.001085669167
"772","R186917","H2502",13.33,9.2,9.8,1.001085669167
"773","R187001","H2602",14.69,10,10,1.02151598894591
"774","R187009","H2602",14.69,10,10,1.02151598894591
"775","P322402","H2802",13.86,9.3,9.66666666666667,0.98746545598105
"776","P322402","H2802",14.39,10,9.66666666666667,0.98746545598105
"777","P322402","H2802",14.39,9.8,9.66666666666667,0.98746545598105
"778","R187512","H2802",14.08,9.4,9.66666666666667,0.98746545598105
"779","R187512","H2802",14.16,9.5,9.66666666666667,0.98746545598105
"780","R187512","H2802",14.92,10,9.66666666666667,0.98746545598105
"781","R187936","H3002",14.46,10,9.9,1.01130082905645
"782","R187936","H3002",14.92,10.4,9.9,1.01130082905645
"783","R187920","H3002",14.46,9.5,9.9,1.01130082905645
"784","R187920","H3002",14.92,9.7,9.9,1.01130082905645
"785","R187920","H3002",14.24,9.9,9.9,1.01130082905645
"786","R186911","H302",14.61,9.9,10,1.02151598894591
"787","R186911","H302",15.22,10.3,10,1.02151598894591
"788","R186911","H302",14.61,9.6,10,1.02151598894591
"789","R186911","H302",15.3,10.2,10,1.02151598894591
"790","R187925","H3102",14.54,10.2,9.94,1.01538689301224
"791","R187925","H3102",14.77,9.9,9.94,1.01538689301224
"792","R187925","H3102",14.84,10.2,9.94,1.01538689301224
"793","R187918","H3102",14.61,9.5,9.94,1.01538689301224
"794","R187918","H3102",14.77,9.9,9.94,1.01538689301224
"795","R187595","H3202",13.86,9.3,9.79,1.00006415317805
"796","R187595","H3202",14.46,9.7,9.79,1.00006415317805
"797","R187595","H3202",14.01,9.4,9.79,1.00006415317805
"798","R187595","H3202",14.99,10.3,9.79,1.00006415317805
"799","R187553","H3202",15.07,10.4,9.79,1.00006415317805
"800","R187553","H3202",14.01,9,9.79,1.00006415317805
"801","R187553","H3202",14.46,9.6,9.79,1.00006415317805
"802","R187553","H3202",14.54,9.9,9.79,1.00006415317805
"803","R187553","H3202",15.3,10.5,9.79,1.00006415317805
"804","R187553","H3202",14.54,9.8,9.79,1.00006415317805
"805","R187527","H3602",13.86,9.4,9.77777777777778,0.998815633636005
"806","R187527","H3602",14.77,9.8,9.77777777777778,0.998815633636005
"807","R187527","H3602",13.93,9.2,9.77777777777778,0.998815633636005
"808","R187527","H3602",14.77,9.9,9.77777777777778,0.998815633636005
"809","R187515","H3602",14.35,9.5,9.77777777777778,0.998815633636005
"810","R187515","H3602",15.07,10.3,9.77777777777778,0.998815633636005
"811","R187515","H3602",14.69,10.1,9.77777777777778,0.998815633636005
"812","R187515","H3602",14.54,10,9.77777777777778,0.998815633636005
"813","R187515","H3602",14.39,9.8,9.77777777777778,0.998815633636005
"814","R187086","H502",14.61,9.8,9.76,0.996999605211212
"815","R187086","H502",14.54,9.8,9.76,0.996999605211212
"816","R187086","H502",14.69,9.8,9.76,0.996999605211212
"817","R187086","H502",14.24,9.4,9.76,0.996999605211212
"818","R187086","H502",14.84,10.2,9.76,0.996999605211212
"819","R187535","H502",14.84,9.9,9.76,0.996999605211212
"820","R187535","H502",14.69,9.5,9.76,0.996999605211212
"821","R187535","H502",14.69,10.2,9.76,0.996999605211212
"822","R187535","H502",13.86,9.5,9.76,0.996999605211212
"823","R187535","H502",13.93,9.5,9.76,0.996999605211212
"824","Fem2","H702",14.46,10,9.88,1.00925779707856
"825","Fem2","H702",13.78,9.5,9.88,1.00925779707856
"826","R186903","H702",14.39,9.7,9.88,1.00925779707856
"827","R186903","H702",14.69,10.2,9.88,1.00925779707856
"828","R186903","H702",14.61,10,9.88,1.00925779707856
