"tarsus","back","dam","fosternest","hatchdate","sex","weight","habitat","bill_length","bill_depth"
13.55,551.375705380056,"R187557","F2102",47,"Fem",8.9,"park",10.885,0.597
15.07,549.088417489622,"R187559","F1902",47,"Male",10.5,"forest",12.056,0.682
14.99,550.173924710717,"R187568","A602",47,"Male",9.9,"forest",12,0.673
14.69,550.306701641329,"R187518","A1302",45,"Male",9.7,"forest",11.733,0.639
14.46,549.63916093207,"R187528","A2602",45,"Fem",9.7,"forest",11.565,0.631
13.93,551.86926623202,"R187945","C2302",49,"Fem",9.3,"forest",11.165,0.626
13.93,549.4878107474,"Fem3","C1902",47,"Male",9.3,"park",11.154,0.591
15.45,548.391084907629,"R187030","C1302",46,"Fem",10.2,"forest",12.348,0.675
14.31,550.080977849289,"R187517","C602",44,"Fem",9.5,"park",11.434,0.629
14.46,549.852316998797,"R187523","B2202",46,"Fem",9.6,"forest",11.564,0.609
14.99,547.740314921298,"R186902","B1402",52,"Male",10,"forest",11.977,0.636
14.08,548.9847322361,"R187400","B1002",47,"Fem",9.7,"park",11.251,0.685
14.77,551.192012242328,"R187932","B502",49,"Male",9.9,"park",11.828,0.638
13.63,549.274315922552,"R187582","D1202",48,"Male",9.2,"forest",10.904,0.612
16.81,548.370755932211,"R187545","D1002",47,"Male",11.4,"park",13.399,0.797
14.24,551.192131760433,"R187546","D902",47,"Fem",9.8,"park",11.409,0.679
14.92,551.506561861297,"R187590","D202",49,"Fem",10.1,"forest",11.929,0.7
14.46,549.749385916539,"R187548","E902",48,"Fem",9.6,"park",11.512,0.669
15.37,552.387352038039,"R187594","E302",49,"Male",10.4,"forest",12.259,0.641
13.4,549.009998562049,"R187588","F2402",47,"Fem",8.9,"park",10.674,0.577
14.08,548.551472203959,"R187557","F2102",47,"Fem",9.2,"forest",11.258,0.621
13.93,550.919233480482,"R187559","F1902",47,"Fem",9.6,"forest",11.113,0.638
13.86,548.790027619881,"R187531","F1702",46,"Fem",9,"forest",11.106,0.599
14.92,549.668640034243,"R187592","F1102",47,"Male",10.1,"park",11.899,0.65
15.22,548.843459351014,"R187575","F902",47,"Male",10.4,"park",12.163,0.657
13.63,548.305434777149,"R186912","F102",54,"Male",9.5,"forest",10.866,0.619
14.61,549.316160440119,"R187914","G1202",49,"Fem",9.8,"forest",11.7,0.631
14.84,549.08504135489,"R187955","G602",49,"Fem",9.9,"forest",11.842,0.631
14.31,550.377925363312,"R187535","G102",47,"Male",9.7,"forest",11.45,0.686
14.92,549.434518956114,"K983388","H1302",48,"Male",9.8,"forest",11.929,0.682
13.93,550.011124033894,"Fem20","H1102",48,"Fem",9.4,"forest",11.111,0.567
14.61,549.744518163573,"R187086","H502",47,"Male",9.8,"park",11.639,0.606
14.16,551.455706269698,"R187539","A102",47,"Fem",9.8,"forest",11.273,0.648
14.69,551.564786260463,"R187566","A302",47,"Fem",9.9,"forest",11.774,0.656
14.69,549.041001061419,"R187569","A502",48,"Male",10,"forest",11.729,0.681
14.92,549.331403362807,"R187568","A602",47,"Male",9.7,"forest",11.925,0.64
14.69,549.521818556769,"R187537","A1002",47,"Fem",10,"forest",11.756,0.656
14.77,550.536572491315,"R187518","A1302",45,"Male",10.1,"forest",11.772,0.595
14.24,550.257995537069,"R187916","A1602",49,"Fem",9.5,"forest",11.418,0.612
14.69,549.574110974084,"R186903","A18B02",53,"Male",10.2,"forest",11.782,0.607
14.39,549.779015354851,"R187512","A2202",45,"Fem",10,"forest",11.506,0.622
13.02,554.166169886389,"R187562","A2302",47,"Fem",9,"forest",10.441,0.632
14.61,549.662885787343,"R187528","A2602",45,"Fem",10,"forest",11.737,0.668
14.54,549.690122562734,"R187563","A2702",47,"Male",10,"park",11.597,0.703
14.77,549.696335845551,"R187571","C2602",47,"Male",10.2,"park",11.823,0.662
14.77,548.270585185362,"R187945","C2302",49,"Male",10.1,"park",11.766,0.669
14.54,550.359527892325,"Fem3","C1902",47,"Male",9.5,"forest",11.676,0.623
14.99,547.22471999238,"R187030","C1302",46,"Fem",10,"forest",12.01,0.639
14.61,551.583555005691,"R187517","C602",44,"UNK",9.7,"park",11.696,0.637
14.54,548.696244884884,"R187523","B2202",46,"Fem",9.8,"forest",11.585,0.601
13.93,549.986050623316,"R186902","B1402",52,"Fem",9.3,"forest",11.19,0.589
14.61,549.30291398685,"R187958","B1302",51,"Male",9.7,"park",11.675,0.615
14.69,549.406508610925,"R187953","B902",51,"Fem",10.2,"forest",11.812,0.673
13.93,551.528032452711,"R187932","B502",49,"Male",9.4,"forest",11.18,0.59
14.61,548.933434324113,"R187547","B202",48,"Fem",9.7,"forest",11.687,0.674
14.46,549.276935295428,"R187947","D1302",51,"Male",10.1,"park",11.595,0.657
14.08,550.066978762626,"R187582","D1202",48,"Fem",9.2,"forest",11.215,0.66
15.37,548.395844597428,"R187545","D1002",47,"UNK",10.4,"forest",12.316,0.686
14.69,548.901036733515,"R187546","D902",47,"Fem",9.9,"forest",11.796,0.64
14.54,549.146673223937,"R187239","D802",48,"Male",9.9,"park",11.654,0.585
15.22,551.852015650609,"R187590","D202",49,"Male",9.7,"park",12.15,0.607
14.77,550.039146321595,"R187521","E2002",46,"Fem",9.7,"park",11.798,0.673
14.08,552.028037059128,"R187931","E1902",49,"Male",9.8,"park",11.315,0.636
14.46,549.24423894455,"R187577","E1802",47,"Fem",9.7,"park",11.582,0.65
14.69,548.101642653278,"R187292","E1602",47,"Male",9.9,"forest",11.79,0.629
14.88,549.192104879401,"R187516","E1402",45,"Male",10.2,"forest",11.908,0.656
15.3,550.017983755204,"R187166","E1202",47,"Male",10.6,"park",12.216,0.671
14.08,548.13124121622,"R187579","E1102",47,"Male",9.6,"forest",11.225,0.618
14.46,550.148722802876,"R187548","E902",48,"Male",9.9,"park",11.524,0.619
14.69,547.341540434815,"R187155","E702",47,"Fem",10.2,"forest",11.758,0.627
14.61,551.765431603532,"R187594","E302",49,"Fem",9.8,"park",11.684,0.595
14.46,549.446097250108,"R187588","F2402",47,"Fem",9.7,"park",11.593,0.598
13.71,550.929837631908,"R187557","F2102",47,"Fem",9.3,"park",10.976,0.557
14.61,548.668541758416,"R187559","F1902",47,"Fem",9.8,"forest",11.647,0.62
14.24,551.312655865641,"R187531","F1702",46,"Fem",9.8,"forest",11.396,0.609
14.77,549.143184684388,"R187963","F1502",53,"Fem",9.9,"park",11.801,0.65
15.11,550.338469997384,"R187592","F1102",47,"Male",10.2,"park",12.115,0.666
13.93,547.42167094734,"R187575","F902",47,"Male",9.4,"park",11.178,0.62
14.39,551.132803993018,"Fem5","F202",50,"Fem",9.6,"park",11.513,0.644
13.86,550.015559102853,"R187930","G2202",50,"Male",9.7,"park",11.043,0.597
14.77,551.088496474231,"R187598","G1602",49,"Male",9.9,"park",11.798,0.631
15.3,549.356183962521,"R187914","G1202",49,"Male",10.4,"park",12.243,0.62
14.39,549.582232049999,"R187957","G702",51,"Fem",10,"forest",11.543,0.627
14.61,549.58625728234,"R187955","G602",49,"Fem",9.8,"park",11.699,0.641
14.01,548.669430754065,"R187552","G502",47,"Fem",9.5,"forest",11.174,0.611
14.39,550.797553651339,"R187535","G102",47,"Fem",9.9,"park",11.53,0.621
13.86,549.206579090747,"R187527","H3602",45,"Fem",9.4,"forest",11.053,0.582
13.86,548.938161330634,"R187595","H3202",48,"Fem",9.3,"forest",11.126,0.579
13.86,548.904135232555,"P322402","H2802",45,"Fem",9.3,"park",11.034,0.581
14.54,549.361252232831,"K983388","H1302",48,"Male",9.5,"forest",11.668,0.622
14.54,549.235832565103,"Fem20","H1102",48,"Male",9.9,"forest",11.622,0.665
14.54,548.488479586715,"R187086","H502",47,"Male",9.8,"forest",11.628,0.604
14.08,549.136003424504,"R187539","A102",47,"Male",9.5,"forest",11.26,0.611
14.77,548.526692542857,"R187566","A302",47,"Fem",10.1,"park",11.829,0.676
15.3,550.746057000703,"R187569","A502",48,"Male",10.3,"forest",12.214,0.591
14.24,549.923581792835,"R187568","A602",47,"Fem",9.7,"forest",11.367,0.573
14.77,548.754893396156,"R187537","A1002",47,"Fem",9.8,"forest",11.878,0.681
14.12,548.903055518703,"R187518","A1302",45,"Male",9.4,"forest",11.308,0.601
14.01,550.77623284739,"R187916","A1602",49,"UNK",9.4,"park",11.276,0.595
15.37,549.586830826048,"R187515","A1802",45,"Male",10.5,"park",12.289,0.633
14.46,547.424459693919,"R186903","A18B02",53,"Male",9.6,"forest",11.557,0.598
13.71,551.473965198959,"R187512","A2202",45,"Fem",9.1,"forest",10.975,0.61
13.93,550.982928577049,"R187562","A2302",47,"Male",9.8,"forest",11.122,0.581
14.16,549.360343301482,"R187528","A2602",45,"Fem",9.4,"park",11.378,0.583
14.46,549.771052260142,"R187563","A2702",47,"Male",9.5,"forest",11.538,0.63
15.07,549.253403185512,"R187571","C2602",47,"Male",9.9,"park",12.007,0.669
13.93,549.954259827828,"R187553","C2402",48,"Fem",9.2,"park",11.198,0.611
14.84,550.324208386647,"R187945","C2302",49,"Male",9.8,"forest",11.875,0.654
14.69,550.355323424651,"Fem3","C1902",47,"Male",9.6,"forest",11.738,0.641
15.07,550.416050585727,"R187030","C1302",46,"Fem",10.3,"forest",12.052,0.664
15.22,550.126246798593,"R187517","C602",44,"Fem",10.1,"park",12.206,0.696
13.1,551.030463897562,"R046109","C402",44,"Fem",8.9,"park",10.448,0.587
14.61,549.896728370612,"R187920","C202",50,"Fem",9.9,"forest",11.72,0.68
13.71,549.313171468243,"R186907","C102",53,"Fem",9.5,"park",10.955,0.595
14.77,550.200787675047,"R187541","B2502",47,"Male",10.1,"park",11.798,0.659
13.18,551.261848495728,"R187523","B2202",46,"Male",9.2,"park",10.502,0.577
14.84,550.691177638614,"R187927","B2102",50,"Male",10.2,"forest",11.854,0.672
14.77,551.803144973208,"R187942","B1902",50,"Male",10,"forest",11.828,0.675
14.31,549.362154927694,"R187937","B1802",50,"Male",9.1,"park",11.452,0.579
14.77,547.666509462777,"R187824","B1702",53,"Male",9.8,"park",11.809,0.644
12.57,551.158360251981,"R186908","B1602",53,"Fem",8.6,"park",10.071,0.574
14.69,550.015513772661,"R186902","B1402",52,"Male",9.9,"forest",11.76,0.621
13.93,551.312515478429,"R187958","B1302",51,"UNK",9.3,"park",11.142,0.577
14.77,550.539850106957,"R187944","B1202",51,"Male",9.8,"park",11.783,0.646
15.22,550.727883192305,"R187400","B1002",47,"Male",10.3,"forest",12.131,0.663
14.77,551.869525161512,"R187953","B902",51,"Male",9.7,"park",11.835,0.619
14.46,551.159183017736,"R187932","B502",49,"Fem",9.5,"forest",11.614,0.625
14.46,548.500547784999,"R187547","B202",48,"Fem",9.9,"forest",11.622,0.648
14.08,549.739747610496,"R187947","D1302",51,"Fem",9.5,"forest",11.239,0.601
14.46,550.240384500525,"R187582","D1202",48,"Male",9.8,"park",11.568,0.621
14.16,548.360088632983,"R187964","D1102",53,"Fem",9.7,"forest",11.327,0.592
14.69,550.133122835881,"R187545","D1002",47,"Male",10.1,"park",11.807,0.619
14.77,550.422765593797,"R187546","D902",47,"Fem",10.2,"forest",11.834,0.668
14.61,548.763295651315,"R187239","D802",48,"Male",10,"forest",11.689,0.685
14.54,553.777321978647,"R187940","D402",50,"Fem",10,"forest",11.626,0.639
15.52,551.786325102911,"R187590","D202",49,"Male",10.5,"forest",12.394,0.725
14.31,551.307935639587,"R187524","D102",45,"Male",9.4,"park",11.417,0.632
15.37,549.987901775016,"R187521","E2002",46,"Male",10.1,"forest",12.295,0.747
13.78,550.200031909273,"R187931","E1902",49,"Fem",9.4,"forest",11.039,0.605
15.45,551.062999800964,"R187577","E1802",47,"Male",10.4,"park",12.358,0.682
14.46,550.619435647466,"R188000","E1702",51,"Fem",9.8,"forest",11.538,0.642
14.77,547.179358056567,"R187292","E1602",47,"Fem",10,"forest",11.85,0.694
14.24,552.04271737084,"R187516","E1402",45,"Fem",9.6,"forest",11.332,0.613
14.69,548.998767336171,"R187999","E1302",52,"Fem",9.6,"park",11.725,0.612
14.16,550.566737394341,"R187166","E1202",47,"Male",9.6,"forest",11.292,0.638
14.92,550.173109355062,"R187548","E902",48,"Male",10,"park",11.981,0.646
14.08,551.554241834921,"R187961","E802",52,"Fem",9.7,"forest",11.236,0.571
15.14,547.47765022724,"R187155","E702",47,"Male",10.1,"park",12.075,0.682
14.08,549.529306909572,"R187399","E402",47,"Fem",9.6,"forest",11.25,0.673
14.69,551.26942039192,"R187594","E302",49,"Fem",9.8,"forest",11.775,0.614
14.39,549.326321344039,"R187588","F2402",47,"Male",9.9,"park",11.489,0.662
14.16,550.199949743908,"R187557","F2102",47,"Male",9.7,"forest",11.298,0.685
15.3,549.321527787135,"R187559","F1902",47,"Male",10.3,"forest",12.253,0.635
15.45,552.168004005234,"R187531","F1702",46,"Male",10.4,"forest",12.378,0.669
14.24,548.585289544648,"R187963","F1502",53,"Fem",9.9,"forest",11.396,0.607
14.31,551.460595555304,"R187592","F1102",47,"Fem",9.7,"forest",11.469,0.614
13.93,548.909738588828,"R187575","F902",47,"Fem",9.2,"park",11.086,0.637
14.61,550.286403233715,"Fem5","F202",50,"Fem",9.8,"forest",11.689,0.65
13.4,549.36479514936,"R186912","F102",54,"Male",9.1,"forest",10.734,0.541
14.54,550.447220682614,"R187930","G2202",50,"Male",10.1,"park",11.592,0.644
14.01,551.784299581356,"R187513","G1902",47,"Fem",9.4,"forest",11.216,0.625
15.14,550.36060628809,"R187598","G1602",49,"Male",10.6,"forest",12.116,0.63
14.54,549.890190573804,"R187918","G1302",49,"Fem",9.9,"park",11.612,0.575
14.69,549.371239944922,"R187957","G702",51,"Fem",10,"park",11.77,0.645
14.46,548.504315021366,"R187955","G602",49,"Fem",9.9,"park",11.548,0.629
14.08,549.664836929586,"R187552","G502",47,"Male",9.5,"forest",11.273,0.606
14.01,551.018694652436,"R187535","G102",47,"Male",9.4,"park",11.195,0.601
14.77,550.072091029201,"R187527","H3602",45,"Male",9.8,"forest",11.754,0.665
14.46,549.206702602896,"R187595","H3202",48,"Fem",9.7,"forest",11.548,0.636
14.54,551.220893420381,"R187925","H3102",49,"UNK",10.2,"forest",11.664,0.604
14.46,549.82342410309,"R187936","H3002",50,"Male",10,"forest",11.603,0.607
14.39,549.655346051949,"P322402","H2802",45,"Male",10,"forest",11.491,0.6
14.77,552.063949550582,"K983388","H1302",48,"Male",9.9,"park",11.823,0.673
14.77,549.888983719805,"Fem20","H1102",48,"Fem",9.9,"park",11.859,0.643
14.46,549.650549016841,"Fem2","H702",53,"Fem",10,"forest",11.61,0.645
14.69,548.20060585996,"R187086","H502",47,"Fem",9.8,"park",11.757,0.63
15.14,549.518820973861,"R187539","A102",47,"Male",10.1,"forest",12.093,0.673
15.3,551.577334752634,"R187566","A302",47,"Fem",10.3,"forest",12.223,0.714
14.69,550.662996018443,"R187569","A502",48,"Male",9.7,"forest",11.741,0.666
13.78,550.681122618236,"R187568","A602",47,"Fem",9.3,"park",11.021,0.635
14.92,551.704259211569,"R187537","A1002",47,"Male",9.7,"park",11.965,0.656
14.61,549.263081416465,"R187518","A1302",45,"Male",9.9,"park",11.627,0.632
13.86,549.385050129503,"R187916","A1602",49,"Fem",9.4,"forest",11.074,0.558
13.86,552.120258772262,"R187515","A1802",45,"Fem",9.3,"park",11.115,0.583
14.69,547.270306541643,"R186903","A18B02",53,"Fem",9.9,"park",11.764,0.638
15.37,552.584500650038,"R187512","A2202",45,"Male",10.6,"park",12.3,0.62
13.86,550.228320794235,"R187343","A22B02",48,"Male",9.3,"forest",11.11,0.577
14.61,549.469456961992,"R187562","A2302",47,"Fem",9.8,"park",11.685,0.672
14.84,549.061515644213,"R186911","A2502",53,"Male",9.7,"park",11.908,0.659
14.08,552.762301680916,"R187528","A2602",45,"Fem",9.4,"forest",11.261,0.603
14.61,550.13883925623,"R187563","A2702",47,"Fem",9.8,"park",11.651,0.64
14.08,548.668096174917,"R187571","C2602",47,"Fem",9.4,"park",11.275,0.609
14.54,551.112963525558,"R187553","C2402",48,"Fem",9.9,"park",11.629,0.668
14.77,549.905212401671,"R187945","C2302",49,"Male",9.8,"park",11.807,0.663
14.54,548.832415343504,"Fem3","C1902",47,"Male",10.1,"forest",11.633,0.614
15.52,550.847097559039,"R187030","C1302",46,"Male",10.5,"forest",12.403,0.697
14.61,550.208117120803,"R187517","C602",44,"Fem",9.5,"forest",11.698,0.644
13.33,551.884947900497,"R046109","C402",44,"Fem",9.2,"forest",10.614,0.539
14.77,550.262438690435,"R187920","C202",50,"UNK",9.8,"forest",11.805,0.67
14.16,548.329872235731,"R186907","C102",53,"Fem",9.8,"park",11.313,0.662
15.07,552.228027458123,"R187541","B2502",47,"Male",10.4,"forest",12.043,0.682
14.69,548.860167096165,"R187523","B2202",46,"Fem",10,"forest",11.764,0.614
14.08,549.006101585549,"R187942","B1902",50,"Fem",9.5,"forest",11.315,0.64
15.07,551.772473450239,"R187937","B1802",50,"Male",10.2,"park",12.043,0.657
15.37,550.450996091117,"R187824","B1702",53,"Male",10.5,"forest",12.286,0.633
15.52,551.306041682749,"R186908","B1602",53,"UNK",10.4,"forest",12.391,0.693
13.86,548.747328277878,"R186902","B1402",52,"Fem",9.2,"park",11.069,0.602
14.24,552.285534594522,"R187958","B1302",51,"Fem",9.3,"forest",11.379,0.606
14.69,549.960110582194,"R187944","B1202",51,"Fem",9.7,"park",11.799,0.647
13.55,549.699531792947,"R187902","B1102",54,"UNK",9,"forest",10.85,0.577
14.69,549.567633994479,"R187400","B1002",47,"Male",9.9,"park",11.819,0.678
14.69,552.013551784182,"R187953","B902",51,"UNK",9.9,"forest",11.79,0.676
14.16,550.728979381849,"R187932","B502",49,"Fem",9.5,"park",11.276,0.62
14.46,549.941971791748,"R187547","B202",48,"Fem",10,"park",11.57,0.612
13.71,549.084251235921,"R187947","D1302",51,"Male",9.2,"forest",10.978,0.577
14.24,550.279927168342,"R187582","D1202",48,"Male",9.4,"forest",11.411,0.675
14.61,548.212222100201,"R187964","D1102",53,"Fem",9.8,"forest",11.646,0.657
14.54,548.664711743485,"R187545","D1002",47,"Male",9.5,"forest",11.635,0.591
14.46,551.716425605605,"R187546","D902",47,"UNK",9.6,"park",11.551,0.639
14.46,547.380054065448,"R187239","D802",48,"Fem",9.8,"park",11.561,0.637
15.14,553.33170052949,"R187940","D402",50,"Male",10.3,"forest",12.104,0.645
14.84,548.876744349787,"R187590","D202",49,"Male",9.8,"park",11.894,0.68
14.77,550.070451495512,"R187524","D102",45,"UNK",10.1,"park",11.738,0.691
15.22,551.212780228914,"R187521","E2002",46,"Male",10.4,"forest",12.225,0.635
14.16,550.227279334547,"R187931","E1902",49,"Fem",9.7,"park",11.324,0.542
14.31,548.815075962886,"R187577","E1802",47,"Male",9.5,"forest",11.403,0.696
14.77,550.599769948077,"R188000","E1702",51,"Fem",9.9,"park",11.797,0.649
15.07,548.156552586276,"R187292","E1602",47,"Male",10,"park",12.033,0.68
14.54,551.059056528854,"R187516","E1402",45,"Male",9.9,"park",11.693,0.641
14.77,548.773453503051,"R187999","E1302",52,"Male",9.9,"forest",11.858,0.668
14.69,549.163894363163,"R187166","E1202",47,"Male",9.8,"park",11.755,0.625
14.54,549.4337784886,"R187579","E1102",47,"Fem",9.4,"park",11.618,0.604
14.54,552.024390355816,"R187548","E902",48,"Fem",9.9,"park",11.59,0.637
14.84,550.605438036144,"R187961","E802",52,"UNK",10.2,"forest",11.837,0.636
14.54,548.762635034119,"R187155","E702",47,"Fem",9.7,"forest",11.611,0.632
15.45,549.854565559428,"R187399","E402",47,"Male",10.4,"park",12.35,0.669
14.08,552.29236050476,"R187594","E302",49,"Fem",9.4,"forest",11.308,0.536
14.92,550.420824286168,"R187948","F2702",51,"Male",10.2,"park",11.896,0.658
14.77,549.183647580527,"R187588","F2402",47,"Male",9.9,"park",11.855,0.629
13.4,549.964225140837,"R187557","F2102",47,"Fem",9.1,"forest",10.7,0.598
14.69,548.514335315343,"R187559","F1902",47,"Fem",9.7,"park",11.715,0.713
14.99,548.629762951332,"R187531","F1702",46,"Male",10,"forest",11.957,0.664
15.07,549.581352437894,"R187963","F1502",53,"Fem",9.8,"park",12.045,0.684
14.39,551.669467418171,"R187592","F1102",47,"Fem",9.5,"park",11.518,0.649
13.86,551.925868644591,"R187575","F902",47,"Fem",9.2,"forest",11.066,0.614
14.99,548.701703875138,"Fem5","F202",50,"Male",9.8,"forest",11.989,0.642
14.01,549.196342460149,"R186912","F102",54,"Fem",9.3,"forest",11.233,0.591
14.08,550.733744650994,"R187930","G2202",50,"Male",9.4,"forest",11.258,0.679
14.39,551.342840496483,"R187513","G1902",47,"Fem",9.9,"forest",11.483,0.608
14.01,550.027645927933,"R187000","G1802",52,"UNK",9.5,"forest",11.208,0.637
14.99,551.200947066609,"R187918","G1302",49,"Male",10,"park",11.932,0.641
15.37,548.189080954654,"R187914","G1202",49,"Male",10.6,"park",12.3,0.685
14.54,551.296900636319,"R187957","G702",51,"Fem",9.9,"forest",11.597,0.582
14.84,547.995213821602,"R187955","G602",49,"Fem",10.3,"park",11.919,0.634
14.54,549.814206288677,"R187552","G502",47,"Male",9.7,"park",11.66,0.616
14.61,550.470671081236,"R187535","G102",47,"Male",9.8,"park",11.675,0.636
13.93,549.553816574154,"R187527","H3602",45,"Fem",9.2,"forest",11.194,0.579
14.01,551.571025292936,"R187595","H3202",48,"Male",9.4,"forest",11.195,0.631
14.77,551.21289818345,"R187925","H3102",49,"UNK",9.9,"park",11.839,0.654
14.92,552.194011547449,"R187936","H3002",50,"Male",10.4,"forest",11.934,0.681
14.39,550.372396535438,"P322402","H2802",45,"Fem",9.8,"forest",11.567,0.639
13.86,549.604195167611,"R186918","H2502",55,"Fem",9.6,"park",11.118,0.625
14.31,548.484061823893,"R187637","H1802",51,"Fem",9.8,"park",11.433,0.652
13.48,548.059602867593,"K983388","H1302",48,"Fem",8.9,"forest",10.783,0.62
14.08,551.903453032214,"Fem20","H1102",48,"Male",9.4,"park",11.232,0.591
13.78,548.746763242624,"Fem2","H702",53,"Fem",9.5,"forest",11.061,0.619
14.24,549.613720331604,"R187086","H502",47,"Fem",9.4,"park",11.386,0.609
13.1,549.266140290754,"R187539","A102",47,"Fem",8.8,"forest",10.416,0.573
15.14,550.157753905173,"R187566","A302",47,"Male",10,"forest",12.111,0.695
14.54,550.524941161796,"R187569","A502",48,"Male",9.8,"park",11.637,0.626
14.31,548.421114322534,"R187568","A602",47,"Fem",9.6,"forest",11.423,0.604
14.54,549.478895012571,"R187537","A1002",47,"Male",9.6,"park",11.65,0.633
14.08,550.03549041726,"R187518","A1302",45,"Fem",9.7,"forest",11.185,0.632
13.93,551.863836768331,"R187916","A1602",49,"Fem",9.2,"forest",11.192,0.609
14.54,548.982132596792,"R187515","A1802",45,"Fem",10,"park",11.541,0.668
14.61,550.423303479563,"R186903","A18B02",53,"Fem",10.1,"park",11.7,0.667
13.86,548.416167672972,"R187512","A2202",45,"Fem",9.1,"forest",11.057,0.61
13.93,549.068712618389,"R187343","A22B02",48,"Fem",9.3,"forest",11.151,0.569
14.54,550.560985457015,"R187562","A2302",47,"Male",9.9,"forest",11.589,0.617
14.01,549.481277069799,"R186911","A2502",53,"Male",10.1,"forest",11.172,0.69
14.08,552.523565587525,"R187528","A2602",45,"Fem",9.5,"park",11.296,0.593
14.61,549.64516385224,"R187563","A2702",47,"Fem",9.5,"park",11.644,0.648
15.14,549.560586498515,"R187571","C2602",47,"Male",10.2,"park",12.07,0.689
14.46,550.32003788978,"R187553","C2402",48,"Male",9.8,"forest",11.498,0.621
14.46,549.094068399277,"R187945","C2302",49,"Fem",10,"forest",11.588,0.632
13.71,551.679654811928,"R187398","C2202",44,"Fem",9.1,"park",11.011,0.599
14.61,551.879066160607,"Fem3","C1902",47,"Male",9.8,"park",11.642,0.699
15.45,549.968865094969,"R187030","C1302",46,"Male",10.6,"forest",12.324,0.706
14.54,550.157984550996,"R187517","C602",44,"Fem",9.8,"park",11.62,0.573
14.35,548.968584112915,"R046109","C402",44,"Male",10,"park",11.483,0.596
14.54,549.719714666573,"R187920","C202",50,"Male",9.8,"park",11.63,0.658
15.18,551.516128768924,"R187541","B2502",47,"Fem",10.1,"forest",12.179,0.64
14.16,550.006818985215,"R187523","B2202",46,"Fem",9.5,"forest",11.375,0.641
14.77,551.150102680708,"R187927","B2102",50,"Fem",9.6,"forest",11.815,0.629
14.69,552.770120219967,"R187942","B1902",50,"Male",10,"park",11.768,0.637
14.24,550.09593119138,"R187937","B1802",50,"Male",9.5,"forest",11.427,0.647
14.61,550.795037675638,"R187824","B1702",53,"UNK",9.8,"park",11.761,0.667
14.69,549.061842833925,"R186908","B1602",53,"Male",10,"park",11.775,0.637
14.16,547.96490157097,"R186902","B1402",52,"UNK",9.8,"forest",11.275,0.554
14.24,549.326422961688,"R187958","B1302",51,"Male",9.8,"forest",11.397,0.732
14.61,550.160548774421,"R187944","B1202",51,"Fem",9.8,"park",11.684,0.633
13.63,548.595207043015,"R187902","B1102",54,"Fem",9.3,"forest",10.866,0.646
14.84,550.351823106467,"R187400","B1002",47,"Male",10.2,"park",11.862,0.657
15.37,547.911938815411,"R187953","B902",51,"UNK",10.5,"forest",12.282,0.684
14.08,551.739932908704,"R187932","B502",49,"Male",10,"park",11.247,0.639
15.37,547.10415235193,"R187547","B202",48,"Male",10.2,"forest",12.314,0.662
14.08,548.038621337752,"R187947","D1302",51,"Fem",9.5,"park",11.256,0.616
14.92,551.00638951265,"R187582","D1202",48,"Male",9.7,"forest",11.915,0.666
14.31,548.735263169426,"R187964","D1102",53,"Fem",9.3,"forest",11.493,0.664
14.54,551.697223938938,"R187545","D1002",47,"Fem",9.4,"forest",11.64,0.601
14.54,550.777786507197,"R187546","D902",47,"Male",9.5,"park",11.655,0.675
14.46,549.718225523178,"R187239","D802",48,"Fem",9.9,"forest",11.591,0.642
14.69,550.504028253284,"R187940","D402",50,"Male",10.1,"park",11.755,0.669
15.22,550.700026161538,"R187590","D202",49,"Male",10.2,"forest",12.191,0.675
14.84,553.101794232264,"R187524","D102",45,"Male",9.8,"forest",11.856,0.641
15.45,550.619617304161,"R187521","E2002",46,"Male",10.4,"park",12.345,0.624
13.86,551.426529566207,"R187931","E1902",49,"Fem",9.4,"forest",11.127,0.561
14.54,549.56066796026,"R187577","E1802",47,"UNK",10,"forest",11.583,0.597
14.69,550.044617248668,"R188000","E1702",51,"UNK",10,"forest",11.744,0.585
14.61,549.162761402612,"R187292","E1602",47,"Male",9.8,"park",11.687,0.661
14.84,551.585241608208,"R187516","E1402",45,"Male",10,"forest",11.894,0.618
14.08,551.61265631627,"R187999","E1302",52,"Fem",9.5,"forest",11.248,0.596
14.99,551.324520510195,"R187166","E1202",47,"Male",9.7,"park",12.012,0.656
14.54,547.395901501676,"R187579","E1102",47,"Male",9.8,"forest",11.635,0.622
14.01,550.449782435412,"R187548","E902",48,"Male",9.4,"forest",11.188,0.622
14.69,549.6557858304,"R187961","E802",52,"Male",9.8,"park",11.767,0.645
14.69,549.533524748586,"R187155","E702",47,"Fem",9.8,"forest",11.79,0.662
15.14,550.881255230295,"R187594","E302",49,"Male",10.4,"park",12.14,0.652
14.92,549.209120347171,"R187948","F2702",51,"Male",9.7,"forest",11.938,0.666
14.61,549.589509602978,"R187588","F2402",47,"Male",9.9,"park",11.776,0.647
13.78,550.286588022149,"R187557","F2102",47,"Fem",9.1,"forest",11.048,0.608
15.37,547.757957283933,"R187559","F1902",47,"Male",10.3,"park",12.294,0.703
14.31,551.347354404254,"R187531","F1702",46,"Male",9.8,"park",11.484,0.651
13.93,551.046262214916,"R187963","F1502",53,"Fem",9.6,"forest",11.175,0.583
14.69,549.418219315561,"R187592","F1102",47,"Male",9.7,"forest",11.798,0.649
13.86,550.703375272759,"R187575","F902",47,"Male",9.2,"park",11.079,0.643
15.14,551.464238869871,"Fem5","F202",50,"Male",10.2,"park",12.145,0.636
14.77,549.154847772713,"R186912","F102",54,"Male",9.9,"forest",11.827,0.619
13.33,549.478489286673,"R187930","G2202",50,"Fem",9.1,"park",10.638,0.663
14.61,549.769521298355,"R187513","G1902",47,"Male",10,"park",11.721,0.699
14.69,547.565913828935,"R187000","G1802",52,"UNK",9.9,"forest",11.683,0.619
14.54,549.161572298009,"R187598","G1602",49,"Fem",10.1,"forest",11.599,0.627
14.54,550.062462409342,"R187918","G1302",49,"Fem",9.4,"park",11.629,0.611
14.92,551.375669766168,"R187914","G1202",49,"Fem",10.1,"park",11.933,0.672
14.16,550.312951071325,"R187957","G702",51,"Male",9.5,"park",11.356,0.624
14.69,549.141251306595,"R187955","G602",49,"Male",10.1,"park",11.771,0.606
14.24,550.437471935081,"R187552","G502",47,"Male",9.4,"park",11.364,0.633
14.46,550.671408433556,"R187535","G102",47,"Male",9.8,"forest",11.569,0.673
14.77,549.172506982374,"R187527","H3602",45,"Male",9.9,"forest",11.799,0.616
14.99,550.415094727741,"R187595","H3202",48,"Fem",10.3,"park",12.015,0.625
14.84,549.6867701477,"R187925","H3102",49,"Fem",10.2,"park",11.899,0.684
14.69,548.763710103491,"R187001","H2602",46,"Male",10,"forest",11.775,0.631
14.31,549.74419949765,"R186918","H2502",55,"Male",9.6,"park",11.435,0.606
14.61,549.078881094409,"R187637","H1802",51,"Male",9.9,"park",11.686,0.657
14.54,548.865442675371,"K983388","H1302",48,"Male",10.1,"forest",11.608,0.651
14.61,550.325850187502,"Fem20","H1102",48,"Male",9.8,"park",11.664,0.643
14.84,548.789560473822,"R187086","H502",47,"Male",10.2,"forest",11.818,0.617
14.92,549.680614333039,"R187009","H102",46,"Male",10,"forest",11.937,0.648
13.93,549.271306854136,"R187926","G402",49,"Fem",9.1,"park",11.172,0.581
15.07,549.165571916565,"R187926","G402",49,"Male",10.2,"park",12.061,0.628
14.61,548.381773139547,"R187926","G402",49,"Male",10,"park",11.699,0.615
14.69,548.090662766709,"R187926","G402",49,"Fem",10,"park",11.763,0.647
14.24,550.900692608024,"R187926","G402",49,"Male",9.7,"park",11.396,0.642
14.08,549.099161341811,"R187926","G402",49,"Male",9.6,"park",11.213,0.643
14.92,550.259150882251,"R187951","F2502",50,"UNK",9.6,"park",11.941,0.654
14.54,549.924009857162,"R187926","G402",49,"Male",9.8,"forest",11.668,0.713
14.84,549.78905214743,"R187951","F2502",50,"Male",10,"park",11.912,0.66
14.61,548.186378717102,"R187926","G402",49,"UNK",10,"park",11.702,0.582
14.61,550.246608875518,"R187517","C2202",44,"Male",9.8,"park",11.623,0.622
13.93,548.95192836573,"R187399","B2502",47,"Fem",9.6,"forest",11.157,0.619
14.61,552.324443380751,"R187927","D402",50,"UNK",9.6,"forest",11.686,0.676
14.61,552.265892425493,"R187951","F2502",50,"Fem",9.7,"park",11.69,0.622
14.16,548.642765748147,"R187926","G402",49,"Male",9.7,"forest",11.316,0.557
13.78,549.970402739719,"R187562","A602",47,"Male",9.5,"park",11.027,0.604
14.54,549.194456994696,"R186910","A1202",54,"UNK",10.2,"park",11.636,0.631
13.71,549.319078509261,"R187598","A1602",49,"Fem",9.2,"park",10.94,0.618
14.77,550.430442781977,"R187518","A2602",45,"Male",9.9,"forest",11.783,0.694
14.54,550.246386414662,"R187517","C2202",44,"Male",9.8,"forest",11.644,0.654
15.03,550.951799272731,"R187399","B2502",47,"Male",10.1,"forest",12.02,0.712
14.46,549.345591421229,"R187239","B202",48,"Fem",9.7,"park",11.541,0.653
14.77,550.950165522811,"R187927","D402",50,"Fem",10.3,"park",11.825,0.684
13.93,549.507322770789,"R187951","F2502",50,"Fem",9.2,"forest",11.123,0.601
13.93,551.109057585551,"R187931","G2202",49,"Fem",10,"park",11.171,0.629
14.08,549.050004207495,"R187926","G402",49,"Fem",9.5,"forest",11.248,0.65
14.46,551.013174197962,"R187001","H102",46,"Male",10,"forest",11.591,0.601
13.78,548.898495931214,"R187562","A602",47,"Male",9.2,"forest",11.041,0.636
13.48,549.875868877957,"R186910","A1202",54,"Fem",9.1,"park",10.795,0.576
14.31,548.23158147558,"R187598","A1602",49,"Fem",10,"forest",11.509,0.641
14.84,549.038380383325,"R187518","A2602",45,"Male",10.1,"forest",11.865,0.622
14.39,548.066179062484,"R187552","C2602",47,"Male",9.7,"forest",11.523,0.602
15.22,549.689766225592,"R187517","C2202",44,"Male",10.6,"park",12.23,0.646
14.16,550.479683944584,"R187398","C602",44,"Male",9.6,"forest",11.295,0.644
15.3,549.769920704725,"R187936","C202",50,"Male",10.2,"forest",12.218,0.643
14.69,551.989442510582,"R187399","B2502",47,"Male",10,"forest",11.763,0.628
14.61,548.384555768394,"R187239","B202",48,"Male",10,"park",11.678,0.614
14.39,551.757071921204,"R187927","D402",50,"Fem",9.4,"forest",11.469,0.678
13.93,552.159334143231,"R187932","D202",49,"Fem",9.5,"park",11.159,0.64
14.54,549.807983747887,"R187516","D102",45,"Fem",9.7,"forest",11.616,0.616
13.86,548.984623124484,"R187948","E1702",51,"Fem",9.4,"forest",11.097,0.613
14.24,550.386107008732,"R187961","E1302",52,"Male",9.7,"park",11.406,0.617
13.93,552.395128669542,"R187166","E1102",47,"Male",9.4,"forest",11.136,0.63
14.01,548.912372834089,"R187588","E702",47,"Male",9.5,"forest",11.222,0.583
14.31,550.73788287371,"R187951","F2502",50,"Fem",9.8,"park",11.457,0.661
15.07,550.193024713998,"R187559","F2102",47,"Fem",10.1,"park",12.095,0.677
15.45,549.614678957924,"R187030","F1702",46,"Male",10.6,"park",12.424,0.675
14.77,548.35477266688,"R187592","F902",47,"Male",10,"forest",11.788,0.703
14.61,549.90382557129,"R187941","F202",50,"Fem",10.1,"park",11.653,0.667
14.46,550.523076530899,"R187931","G2202",49,"Male",9.9,"park",11.646,0.595
14.46,548.360273556227,"R186902","G1802",52,"Male",9.7,"park",11.584,0.619
14.24,550.082045449291,"R187914","G602",49,"Fem",9.6,"park",11.378,0.588
14.46,549.438127352357,"R187926","G402",49,"Male",10,"park",11.596,0.664
14.84,551.064144229582,"R187086","G102",47,"Fem",10.1,"park",11.873,0.637
15.07,552.084077389737,"R187553","H3202",48,"Male",10.4,"park",12.054,0.653
14.61,549.84736283525,"R186917","H2502",55,"Male",10.1,"park",11.671,0.659
14.77,551.682254546073,"Fem20","H1302",48,"Male",9.7,"forest",11.798,0.661
14.39,550.827444165426,"R187001","H102",46,"Fem",9.6,"park",11.493,0.672
14.61,549.345052916241,"R187566","A102",47,"Fem",9.4,"forest",11.713,0.626
14.46,549.59085067272,"R187539","A302",47,"Male",9.7,"forest",11.607,0.7
13.25,548.869233610425,"R187562","A602",47,"Male",9.1,"forest",10.59,0.546
13.25,549.713449739338,"R187563","A1002",47,"Fem",9.3,"forest",10.595,0.604
14.77,549.628379791163,"R186910","A1202",54,"Male",10.4,"park",11.815,0.674
14.01,549.692901832203,"R187598","A1602",49,"Fem",9.7,"forest",11.165,0.624
14.01,550.913645416779,"R187527","A1802",45,"Male",9.4,"park",11.131,0.648
14.69,551.253478703248,"P322402","A2202",45,"Male",9.9,"park",11.723,0.652
14.16,550.664549313795,"R187569","A22B02",48,"Male",9.7,"forest",11.318,0.559
13.63,549.816066926666,"R187568","A2302",47,"Fem",9.1,"forest",10.911,0.592
13.93,550.442853779361,"R187518","A2602",45,"Fem",9.5,"forest",11.168,0.608
14.99,548.074573485088,"R187552","C2602",47,"Male",10,"park",12.003,0.652
13.78,550.796480109671,"R187595","C2402",48,"Male",9.4,"forest",11.066,0.619
14.92,550.133440602121,"R187594","C2302",49,"Male",10.3,"forest",11.954,0.687
14.99,550.621571089338,"R187517","C2202",44,"Fem",10.3,"park",12.042,0.679
14.54,548.949366799018,"R187531","C1302",46,"Male",10.2,"forest",11.657,0.629
13.86,549.205515379095,"R187398","C602",44,"Male",9.2,"park",11.077,0.6
14.54,549.648389330858,"R187936","C202",50,"Fem",9.7,"forest",11.639,0.657
15.52,549.417186097885,"R186908","B1702",53,"Male",10.4,"park",12.418,0.674
14.39,552.724719693246,"R187000","B1402",52,"UNK",9.6,"forest",11.515,0.642
13.1,551.094024162873,"R186912","B1102",54,"Fem",9.2,"forest",10.5,0.513
14.99,550.920588748038,"Fem3","B1002",47,"Male",9.9,"forest",12,0.629
15.22,549.89508624548,"R187239","B202",48,"Fem",10.1,"forest",12.192,0.61
13.93,550.040583440415,"R187545","D902",47,"Male",9.3,"park",11.145,0.647
14.99,552.395509034444,"R187540","D602",45,"Male",10.5,"park",11.977,0.683
13.86,549.936775819689,"R187932","D202",49,"Fem",9.2,"forest",11.096,0.557
14.61,547.352939656578,"R187516","D102",45,"Fem",10,"park",11.765,0.603
14.46,548.632054771916,"R187948","E1702",51,"Fem",9.7,"park",11.538,0.617
14.69,551.982227924853,"R187524","E1402",45,"Male",9.5,"forest",11.806,0.651
14.69,550.767214092693,"R187961","E1302",52,"UNK",9.9,"park",11.792,0.676
14.92,549.024715560922,"R187579","E1202",47,"Male",9.5,"forest",11.933,0.702
14.69,551.41154433546,"R187166","E1102",47,"Male",10,"park",11.781,0.694
13.33,548.912044545811,"R186907","E1002",53,"Fem",9,"park",10.648,0.6
14.08,550.043590128162,"R187588","E702",47,"Fem",9.7,"forest",11.305,0.63
14.54,550.642100012169,"R187945","E302",49,"Fem",9.8,"forest",11.604,0.671
14.54,551.507967561685,"R187951","F2502",50,"Fem",9.6,"park",11.589,0.691
15.07,548.333553424946,"R187155","F2402",47,"Male",9.9,"forest",12.035,0.702
14.99,550.554874400904,"R187559","F2102",47,"Male",10.1,"forest",12.001,0.686
13.63,549.30091652206,"R187557","F1902",47,"UNK",9.2,"park",10.945,0.607
15.14,550.162727488073,"R187030","F1702",46,"Fem",10.3,"forest",12.091,0.652
14.46,549.844134654206,"R187964","F1502",53,"Fem",10.1,"park",11.568,0.674
15.3,550.540879088692,"R187592","F902",47,"Male",10.7,"park",12.24,0.658
14.99,551.955660367291,"R187941","F202",50,"Male",9.7,"forest",12.005,0.614
14.46,549.939602934665,"R187931","G2202",49,"Fem",9.6,"park",11.606,0.644
13.78,548.914689901163,"R186902","G1802",52,"Fem",9.2,"park",11.043,0.615
14.08,549.04269049038,"R187916","G1602",49,"Fem",9.8,"park",11.309,0.616
14.99,548.216120587551,"R187955","G1202",49,"Male",10.1,"forest",11.975,0.697
14.92,549.461225895649,"R187914","G602",49,"Male",10.1,"forest",11.901,0.713
14.54,549.685214354593,"R187926","G402",49,"Fem",9.7,"forest",11.688,0.608
14.61,550.889279958026,"R187086","G102",47,"Fem",10.1,"forest",11.705,0.666
14.35,551.569286413074,"R187515","H3602",45,"Fem",9.5,"park",11.424,0.621
14.01,549.356844043274,"R187553","H3202",48,"UNK",9,"forest",11.173,0.645
14.31,549.648328015876,"R186917","H2502",55,"Fem",9.8,"park",11.482,0.61
14.39,549.591715578297,"Fem20","H1302",48,"Male",9.7,"park",11.555,0.661
14.39,548.969463889914,"K983388","H1102",48,"Fem",9.7,"park",11.5,0.66
14.84,548.673491052823,"R187535","H502",47,"Male",9.9,"park",11.87,0.612
13.93,550.676345190497,"R187001","H102",46,"Male",9.8,"park",11.123,0.661
14.69,549.601052363025,"R187566","A102",47,"Fem",9.9,"park",11.729,0.609
13.93,551.333819484826,"R187539","A302",47,"Fem",9.6,"forest",11.089,0.626
13.86,550.843543123731,"R187343","A502",48,"Male",9.3,"park",11.086,0.567
13.25,550.125229664939,"R187562","A602",47,"Fem",9,"park",10.616,0.601
13.63,550.475002816893,"R187563","A1002",47,"Fem",9.2,"forest",10.86,0.626
14.08,549.746435836119,"R186910","A1202",54,"UNK",9.2,"park",11.225,0.597
14.16,550.168977411526,"R187598","A1602",49,"Male",9.4,"park",11.363,0.638
14.73,550.851913048688,"R187527","A1802",45,"Fem",10.3,"forest",11.747,0.605
13.93,549.638767369863,"P322402","A2202",45,"Fem",9.3,"forest",11.191,0.627
14.01,549.56115604332,"R187569","A22B02",48,"Fem",9.5,"park",11.191,0.587
14.39,548.196440531959,"R187568","A2302",47,"Fem",9.8,"park",11.477,0.628
14.69,552.062862574632,"R187518","A2602",45,"Male",10,"forest",11.747,0.625
14.16,547.123830146747,"R187552","C2602",47,"Fem",9.2,"forest",11.348,0.585
13.93,548.824363677648,"R187594","C2302",49,"Fem",9.2,"forest",11.13,0.6
14.54,551.605408630445,"R187517","C2202",44,"Fem",9.3,"park",11.605,0.666
14.24,549.301202120891,"R187400","C1902",47,"Fem",9.4,"park",11.364,0.642
14.39,551.138893638373,"R187531","C1302",46,"Male",9.9,"forest",11.554,0.636
14.69,550.43946904913,"R187398","C602",44,"Fem",10.1,"forest",11.801,0.638
14.54,552.605985255056,"R187936","C202",50,"Fem",9.8,"park",11.641,0.622
14.77,549.460892140876,"R187399","B2502",47,"Fem",9.9,"forest",11.829,0.681
14.92,549.112609801766,"R187521","B2202",46,"Fem",10.3,"forest",11.96,0.655
14.99,550.940791339594,"R186908","B1702",53,"Male",10.1,"park",11.957,0.618
14.84,550.040282763264,"R187824","B1602",53,"Male",9.8,"park",11.935,0.618
14.39,550.782064192157,"R187000","B1402",52,"Fem",9.9,"park",11.482,0.611
14.77,550.585041678131,"R187947","B1202",51,"Male",10,"park",11.839,0.671
13.25,548.583820692503,"R186912","B1102",54,"Fem",8.8,"park",10.559,0.526
14.31,549.449425524876,"Fem3","B1002",47,"Male",10.1,"forest",11.467,0.655
14.16,548.949073826272,"R187958","B902",51,"Fem",9.7,"forest",11.348,0.646
14.77,550.874857411997,"R186918","B702",55,"Male",10.1,"park",11.778,0.668
14.46,551.603408950412,"R187590","B502",49,"Male",9.9,"park",11.553,0.675
15.07,549.031979208319,"R187239","B202",48,"Male",9.8,"forest",12.017,0.661
13.4,550.265135205539,"R187548","D1202",48,"Fem",9.1,"park",10.704,0.61
13.93,548.640180440893,"R187546","D1002",47,"Fem",9.3,"park",11.18,0.613
13.93,548.757809211643,"R187545","D902",47,"Fem",9.4,"forest",11.211,0.624
14.95,551.939020816333,"R187540","D602",45,"Fem",10,"forest",11.957,0.652
14.92,552.451672133159,"R187927","D402",50,"Male",9.9,"park",11.922,0.668
14.46,550.9974931242,"R187932","D202",49,"Fem",9.6,"park",11.561,0.648
14.01,551.038254533377,"R187516","D102",45,"Fem",9.4,"park",11.24,0.585
14.69,549.787382984497,"R187948","E1702",51,"Male",9.6,"forest",11.771,0.626
14.46,549.608916545598,"R187524","E1402",45,"Fem",10,"park",11.525,0.655
14.54,549.82757861237,"R187961","E1302",52,"UNK",9.6,"park",11.63,0.594
14.46,550.477999534187,"R187579","E1202",47,"Fem",9.7,"forest",11.558,0.605
14.08,550.013391495599,"R187166","E1102",47,"Male",9.8,"forest",11.21,0.636
15.07,549.077546510128,"R186907","E1002",53,"Male",10,"forest",12.069,0.66
14.46,549.433760693505,"R187582","E902",48,"Fem",9.9,"forest",11.575,0.67
15.07,549.420311141845,"R187999","E802",52,"Male",10.2,"park",12.041,0.674
14.54,549.108683603959,"R187588","E702",47,"Fem",10,"forest",11.611,0.669
14.24,550.560497272685,"R187945","E302",49,"Fem",9.8,"park",11.401,0.556
14.39,550.047741189616,"R187951","F2502",50,"Male",9.2,"forest",11.509,0.647
15.3,550.413741232128,"R187155","F2402",47,"Male",10.3,"forest",12.248,0.724
15.07,549.303820006066,"R187559","F2102",47,"Fem",10.3,"park",12.042,0.671
14.69,550.491067230292,"R187557","F1902",47,"Male",10.1,"park",11.75,0.604
15.45,548.611956817751,"R187030","F1702",46,"Male",10.3,"forest",12.384,0.696
14.77,550.777595773882,"R187964","F1502",53,"Male",10.2,"forest",11.815,0.667
14.01,549.261918819584,"R187575","F1102",47,"Fem",9.5,"forest",11.192,0.624
14.46,550.335442876392,"R187592","F902",47,"Fem",9.8,"park",11.581,0.609
14.54,550.826926510133,"R187941","F202",50,"Male",9.7,"park",11.614,0.619
13.78,549.487853506361,"R187931","G2202",49,"Fem",9,"park",11.008,0.647
14.46,548.873316738604,"R187573","G1902",47,"Male",9.9,"forest",11.525,0.639
13.86,551.462701349146,"R187916","G1602",49,"Fem",9.4,"park",11.117,0.63
14.77,549.166625334443,"R187925","G1302",49,"Fem",9.8,"forest",11.824,0.639
14.61,551.631781242025,"R187955","G1202",49,"UNK",9.8,"park",11.687,0.621
15.37,549.423901365982,"R187914","G602",49,"Male",10.4,"forest",12.28,0.658
14.39,549.544759787662,"R187926","G402",49,"Fem",9.6,"forest",11.475,0.615
14.16,549.97791854385,"R187086","G102",47,"Fem",9.3,"park",11.33,0.68
15.07,550.389774220477,"R187515","H3602",45,"Fem",10.3,"forest",12.069,0.677
14.46,549.685548945653,"R187553","H3202",48,"Fem",9.6,"forest",11.589,0.647
14.31,548.194011844938,"R186917","H2502",55,"Male",9.7,"forest",11.489,0.598
14.54,547.830084970788,"R187957","H1802",51,"Male",9.8,"forest",11.633,0.608
13.25,549.056704127525,"Fem20","H1302",48,"Fem",8.9,"forest",10.558,0.548
14.24,548.936519687473,"K983388","H1102",48,"Male",9.7,"park",11.402,0.587
14.39,549.608792935989,"R186903","H702",53,"UNK",9.7,"forest",11.536,0.634
14.69,551.808772841424,"R187535","H502",47,"Male",9.5,"forest",11.793,0.644
14.61,548.221037328444,"R186911","H302",53,"Fem",9.9,"forest",11.747,0.639
14.46,552.00740223481,"R187001","H102",46,"Fem",9.6,"forest",11.567,0.607
14.39,550.594096017615,"R187566","A102",47,"Male",9.6,"forest",11.527,0.575
14.69,552.111486805472,"R187539","A302",47,"Male",9.9,"forest",11.772,0.709
14.01,550.026525224031,"R187343","A502",48,"Male",9.5,"park",11.181,0.621
13.71,549.278759133744,"R187562","A602",47,"Fem",9.3,"forest",11.015,0.567
14.01,547.79548244782,"R187563","A1002",47,"Fem",9.2,"park",11.232,0.615
15.07,549.363064406344,"R186910","A1202",54,"Male",10.3,"park",12.08,0.649
14.77,550.036641237656,"R187528","A1302",45,"Male",10.1,"park",11.825,0.652
14.46,550.211597249183,"R187598","A1602",49,"UNK",9.8,"forest",11.556,0.633
13.4,549.013759167504,"R187527","A1802",45,"Fem",9,"park",10.772,0.593
14.39,550.105901812417,"Fem2","A18B02",53,"Male",9.5,"forest",11.549,0.634
14.99,548.853633702578,"P322402","A2202",45,"Male",9.8,"forest",11.988,0.617
13.93,549.808505759167,"R187569","A22B02",48,"Male",9.2,"park",11.107,0.667
14.54,551.413091312712,"R187568","A2302",47,"Fem",9.7,"forest",11.668,0.653
13.86,552.467897386707,"R187518","A2602",45,"Fem",9.7,"forest",11.109,0.564
15.07,549.143312775966,"R187537","A2702",47,"Male",10.3,"park",12.007,0.644
14.39,548.448293899991,"R187552","C2602",47,"Fem",9.7,"park",11.486,0.6
14.54,551.851783209695,"R187595","C2402",48,"Male",10,"forest",11.658,0.63
14.61,549.37329006194,"R187594","C2302",49,"Fem",10,"park",11.677,0.616
15.37,549.840003011328,"R187517","C2202",44,"Male",10.5,"forest",12.314,0.693
14.84,550.068811793431,"R187400","C1902",47,"Male",10.1,"park",11.863,0.639
13.93,552.545533411208,"R187531","C1302",46,"Fem",9.8,"park",11.17,0.638
14.27,550.51336851014,"R046108","C402",44,"UNK",9.6,"forest",11.403,0.598
13.93,549.609245715853,"R187936","C202",50,"Male",9.4,"forest",11.142,0.595
14.77,548.514655155835,"R187399","B2502",47,"Fem",10.2,"park",11.781,0.621
14.99,552.429525539174,"R187521","B2202",46,"Male",10.1,"forest",12.031,0.668
14.08,551.412877711449,"R187940","B2102",50,"Fem",9.7,"park",11.322,0.649
14.84,550.188969584284,"R186908","B1702",53,"Fem",10.2,"park",11.866,0.678
14.61,549.494886842697,"R187824","B1602",53,"Fem",10,"forest",11.695,0.656
14.77,551.087064726523,"R187953","B1302",51,"Fem",10.2,"park",11.82,0.643
14.69,549.233999783927,"R187947","B1202",51,"Fem",9.8,"park",11.716,0.602
13.1,549.042886652803,"R186912","B1102",54,"UNK",9.1,"park",10.504,0.54
14.54,550.39687308107,"Fem3","B1002",47,"Fem",9.9,"forest",11.619,0.672
14.61,550.555707902999,"R187958","B902",51,"Fem",9.7,"forest",11.7,0.636
14.84,551.531045646894,"R187590","B502",49,"Male",10,"park",11.85,0.668
14.54,548.701440786992,"R187239","B202",48,"Fem",9.8,"park",11.639,0.668
13.71,550.679089249541,"R187944","D1302",51,"UNK",9.3,"forest",10.943,0.632
13.63,550.18920943261,"R187548","D1202",48,"Male",9.3,"forest",10.935,0.635
14.24,548.187015967674,"R187963","D1102",53,"UNK",9.2,"forest",11.389,0.591
14.99,550.156266815364,"R187546","D1002",47,"Male",10.2,"forest",12.033,0.66
14.39,548.431332576046,"R187545","D902",47,"UNK",9.5,"forest",11.551,0.598
14.61,550.843750998792,"R187547","D802",48,"Fem",10.1,"park",11.626,0.708
14.77,551.179884770094,"R187540","D602",45,"Male",9.8,"forest",11.818,0.646
14.39,550.827821940049,"R187927","D402",50,"Fem",10.1,"park",11.477,0.655
13.86,552.162530710031,"R187932","D202",49,"Fem",9.2,"park",11.073,0.631
14.77,552.65766811879,"R187516","D102",45,"Male",9.8,"forest",11.844,0.651
12.95,550.317084401806,"R187523","E2002",46,"Fem",8.8,"park",10.332,0.517
13.86,549.201833205901,"R187948","E1702",51,"Fem",9.7,"park",11.088,0.637
14.61,549.166530315297,"R187577","E1602",47,"Male",10,"forest",11.674,0.655
14.92,551.920145269944,"R187524","E1402",45,"Male",9.9,"park",11.954,0.66
14.61,549.60295919343,"R187961","E1302",52,"Fem",9.8,"park",11.715,0.671
14.69,547.671690942661,"R187579","E1202",47,"Male",10.2,"park",11.771,0.621
13.86,549.932946446649,"R187166","E1102",47,"Fem",9.4,"park",11.11,0.62
15.07,550.311455761623,"R187582","E902",48,"Male",10.1,"park",12.086,0.665
14.54,550.395498261597,"R187999","E802",52,"UNK",10,"park",11.625,0.685
14.54,549.802401704194,"R187588","E702",47,"Fem",9.9,"park",11.626,0.663
14.84,550.606484435863,"R187945","E302",49,"Male",9.9,"park",11.812,0.651
13.86,550.114822387429,"R188000","F2702",51,"Male",9.3,"park",11.074,0.578
14.77,549.714375200735,"R187951","F2502",50,"Male",9.9,"forest",11.813,0.63
14.54,548.781876744666,"R187155","F2402",47,"UNK",9.6,"park",11.65,0.632
14.77,550.480139574424,"R187559","F2102",47,"Fem",10.3,"park",11.836,0.627
13.25,550.940184446183,"R187557","F1902",47,"Male",8.9,"forest",10.6,0.58
14.99,550.276899518092,"R187030","F1702",46,"Male",10.2,"forest",11.992,0.68
15.37,550.51527587017,"R187964","F1502",53,"Male",10.3,"park",12.363,0.709
14.99,550.154358187465,"R187575","F1102",47,"Male",10.4,"forest",11.986,0.668
15.07,549.266886460054,"R187592","F902",47,"Male",9.8,"park",12.098,0.671
14.61,552.593670580611,"R187941","F202",50,"Male",9.9,"forest",11.658,0.624
14.46,551.270352069056,"R187902","F102",54,"Fem",9.8,"park",11.549,0.585
14.61,551.528165183268,"R187931","G2202",49,"Male",9.6,"park",11.727,0.595
14.16,548.994376789537,"R187573","G1902",47,"Fem",9.7,"park",11.318,0.606
13.93,548.938430116519,"R186902","G1802",52,"Fem",9.4,"forest",11.154,0.635
13.48,550.509280910835,"R187916","G1602",49,"Fem",9,"park",10.798,0.604
14.54,551.225708499452,"R187925","G1302",49,"Fem",9.5,"park",11.608,0.621
15.07,548.51283465927,"R187955","G1202",49,"Male",10.3,"forest",12.09,0.69
15.07,549.605212556224,"R187914","G602",49,"Fem",10,"forest",12.061,0.685
14.77,550.657848501513,"R187086","G102",47,"Male",10.1,"forest",11.802,0.667
14.69,549.112777054339,"R187515","H3602",45,"Male",10.1,"park",11.763,0.638
14.54,549.302465631267,"R187553","H3202",48,"Male",9.9,"forest",11.595,0.658
14.46,551.01026884265,"R187920","H3002",50,"Male",9.5,"forest",11.528,0.658
14.08,549.752885959577,"R187512","H2802",45,"Fem",9.4,"park",11.279,0.624
14.61,550.956691903345,"R186917","H2502",55,"Fem",10.3,"forest",11.653,0.625
14.77,552.447209745584,"R187957","H1802",51,"Fem",10,"forest",11.8,0.639
14.77,551.271824433309,"Fem20","H1302",48,"Male",10.4,"park",11.798,0.711
14.61,549.523620200194,"K983388","H1102",48,"Male",10.1,"park",11.656,0.669
14.69,549.580474826614,"R187535","H502",47,"Male",10.2,"park",11.741,0.69
15.22,549.621981715828,"R186911","H302",53,"Male",10.3,"park",12.136,0.72
14.24,549.243671789304,"R187001","H102",46,"Fem",9.8,"park",11.437,0.659
14.46,549.505866524666,"R187566","A102",47,"Male",9.8,"forest",11.562,0.644
14.54,549.095462835411,"R187539","A302",47,"Fem",9.6,"forest",11.65,0.6
14.16,552.251408486626,"R187343","A502",48,"Male",9.4,"forest",11.32,0.618
14.39,550.760622739837,"R187562","A602",47,"Male",9.7,"forest",11.55,0.668
14.69,549.52441908236,"R187563","A1002",47,"Male",10.1,"forest",11.768,0.62
14.08,548.259764581857,"R186910","A1202",54,"Fem",9.5,"park",11.273,0.623
14.01,551.530763913061,"R187528","A1302",45,"Fem",9.7,"park",11.225,0.631
14.77,550.336694702874,"R187598","A1602",49,"Male",10,"forest",11.791,0.704
14.31,550.643856249832,"R187527","A1802",45,"Fem",9.8,"forest",11.469,0.613
14.69,550.64001182572,"Fem2","A18B02",53,"Male",9.5,"forest",11.765,0.658
14.46,549.71237484434,"P322402","A2202",45,"Fem",9.9,"park",11.584,0.619
13.4,551.015232550922,"R187569","A22B02",48,"Fem",9.2,"park",10.685,0.61
14.69,550.087801165749,"R187568","A2302",47,"Fem",10,"forest",11.817,0.621
15.37,551.041270395876,"R187518","A2602",45,"Male",10.4,"park",12.273,0.67
14.54,550.429225711737,"R187537","A2702",47,"Male",9.7,"park",11.596,0.685
14.84,548.141188845441,"R187552","C2602",47,"Fem",9.8,"park",11.902,0.691
13.86,549.429793539133,"R187595","C2402",48,"Fem",9,"forest",11.034,0.57
14.54,549.675712856315,"R187594","C2302",49,"Fem",9.6,"park",11.645,0.655
14.92,547.967079840172,"R187517","C2202",44,"Male",9.8,"park",11.912,0.688
15.22,548.894233571092,"R187400","C1902",47,"Male",10.5,"park",12.182,0.663
14.61,551.928368026303,"R187531","C1302",46,"Fem",9.7,"forest",11.713,0.63
14.69,550.36307599776,"R187398","C602",44,"Male",9.8,"forest",11.719,0.679
14.16,549.22867138956,"R046108","C402",44,"Fem",9.7,"forest",11.337,0.602
14.46,549.702106386333,"R187936","C202",50,"Fem",9.6,"park",11.536,0.637
13.86,551.972840451873,"R187399","B2502",47,"Fem",9.6,"forest",11.093,0.613
15.3,549.743090927131,"R187521","B2202",46,"Male",10.3,"forest",12.23,0.709
14.54,548.786945966881,"R187940","B2102",50,"Fem",9.7,"forest",11.614,0.64
14.84,550.179866513849,"R187937","B1902",50,"Fem",10.2,"forest",11.933,0.699
14.69,551.202727791574,"R186908","B1702",53,"Fem",9.9,"park",11.787,0.646
14.31,549.726837449745,"R187824","B1602",53,"Male",9.9,"forest",11.435,0.611
15.37,547.390053050845,"R187000","B1402",52,"Male",10,"forest",12.312,0.682
15.3,551.094918892132,"R187953","B1302",51,"Male",10.1,"park",12.241,0.671
14.31,550.720299176251,"R187947","B1202",51,"Fem",9.3,"park",11.435,0.613
13.1,549.405685216487,"R186912","B1102",54,"Fem",8.6,"park",10.467,0.584
14.08,551.297194860909,"Fem3","B1002",47,"Fem",9.3,"forest",11.3,0.636
14.61,549.059833242892,"R187958","B902",51,"Male",10.1,"forest",11.659,0.647
15.22,550.121715248606,"R187590","B502",49,"Male",10.3,"park",12.18,0.617
14.46,550.715008708173,"R187239","B202",48,"Fem",9.3,"forest",11.587,0.633
13.86,548.533124692722,"R187944","D1302",51,"Male",9.6,"park",11.082,0.569
14.61,549.464096622305,"R187548","D1202",48,"Male",9.8,"park",11.661,0.609
14.54,549.441388017089,"R187546","D1002",47,"Fem",9.8,"park",11.644,0.616
14.69,550.294445943149,"R187545","D902",47,"Fem",9.9,"forest",11.752,0.616
14.54,548.991883316037,"R187547","D802",48,"Fem",9.7,"park",11.648,0.569
13.93,549.147430131629,"R187540","D602",45,"Male",9.6,"park",11.08,0.6
15.45,550.746462101575,"R187927","D402",50,"Male",9.8,"park",12.298,0.671
14.01,550.588782474532,"R187932","D202",49,"Fem",9.2,"park",11.138,0.618
15.3,550.610092262133,"R187516","D102",45,"Male",10.4,"park",12.208,0.653
14.92,550.972176599696,"R187523","E2002",46,"Fem",10,"forest",11.873,0.676
13.93,550.333955812291,"R187930","E1902",50,"Male",9.3,"park",11.112,0.592
14.92,548.600899926209,"R187292","E1802",47,"Fem",10.1,"forest",11.931,0.693
15.3,549.78192135064,"R187948","E1702",51,"Male",10.6,"forest",12.308,0.697
14.16,549.650683711156,"R187577","E1602",47,"Fem",9.8,"park",11.251,0.575
14.69,551.430676866336,"R187524","E1402",45,"Male",10.2,"park",11.726,0.589
15.22,549.916286012629,"R187961","E1302",52,"Male",10.2,"forest",12.204,0.689
15.14,548.776446958253,"R187579","E1202",47,"Male",10.4,"park",12.069,0.701
14.92,548.013354811274,"R187166","E1102",47,"Male",10.1,"forest",11.918,0.673
15.3,549.01000256874,"R187582","E902",48,"Male",10.3,"forest",12.239,0.694
14.39,548.718075848691,"R187999","E802",52,"UNK",9.6,"park",11.518,0.661
14.24,549.834110931779,"R187588","E702",47,"Male",9.7,"forest",11.371,0.639
14.54,548.908961111704,"R187541","E402",47,"Fem",9.7,"park",11.601,0.676
15.3,551.17775344287,"R187945","E302",49,"Male",10.4,"park",12.23,0.681
14.46,551.075763212907,"R188000","F2702",51,"Fem",10.1,"park",11.564,0.616
14.61,550.001988045868,"R187951","F2502",50,"Male",9.8,"forest",11.703,0.649
14.54,548.69511931722,"R187559","F2102",47,"Fem",9.6,"forest",11.615,0.669
13.93,549.680549763214,"R187557","F1902",47,"Fem",9.6,"forest",11.167,0.599
15.22,548.620370453839,"R187030","F1702",46,"Fem",10.3,"park",12.233,0.662
15.37,550.964413954275,"R187964","F1502",53,"Male",10.7,"forest",12.233,0.665
15.37,548.221913183543,"R187575","F1102",47,"Fem",10.2,"park",12.313,0.7
13.93,549.67076341602,"R187592","F902",47,"UNK",9.2,"park",11.146,0.601
14.69,552.495984889696,"R187941","F202",50,"Male",9.6,"park",11.727,0.636
13.86,550.143501161879,"R187902","F102",54,"Fem",9.1,"forest",11.128,0.595
13.63,549.544144450931,"R187931","G2202",49,"Fem",9.4,"forest",10.907,0.627
14.69,548.146995194175,"R187573","G1902",47,"Male",9.8,"forest",11.76,0.693
14.08,548.017786729757,"R186902","G1802",52,"UNK",9.4,"park",11.246,0.602
14.16,549.62600544787,"R186901","G1702",52,"UNK",9.6,"forest",11.289,0.622
13.33,550.25304516467,"R187916","G1602",49,"Fem",9.4,"forest",10.652,0.61
14.92,550.611705196016,"R187925","G1302",49,"Male",10.1,"park",11.924,0.69
14.92,547.934772560376,"R187955","G1202",49,"Fem",10.1,"forest",11.935,0.669
15.3,548.369519188586,"R187914","G602",49,"Male",10.3,"forest",12.177,0.69
14.69,548.337730811394,"R187571","G502",47,"Fem",9.8,"forest",11.705,0.666
14.39,550.571413558999,"R187926","G402",49,"Fem",9.8,"forest",11.522,0.681
14.46,550.540156646992,"R187086","G102",47,"Fem",9.7,"forest",11.602,0.639
14.54,549.31263344847,"R187515","H3602",45,"Male",10,"park",11.616,0.599
15.3,549.277669280552,"R187553","H3202",48,"Male",10.5,"forest",12.218,0.68
14.61,550.723750057371,"R187918","H3102",49,"Fem",9.5,"forest",11.71,0.667
14.92,549.206228063995,"R187920","H3002",50,"Male",9.7,"park",11.954,0.665
14.16,550.949461711295,"R187512","H2802",45,"Male",9.5,"forest",11.307,0.62
14.92,549.7544147763,"R186917","H2502",55,"Male",10.1,"park",11.933,0.64
14.92,549.90990134602,"R187957","H1802",51,"Fem",10.2,"park",11.942,0.617
14.69,551.14404302852,"Fem20","H1302",48,"Male",9.9,"park",11.701,0.676
14.77,549.294564876583,"K983388","H1102",48,"Fem",10.1,"park",11.86,0.626
14.69,552.040540166756,"R186903","H702",53,"Fem",10.2,"park",11.751,0.623
13.86,549.71475242071,"R187535","H502",47,"Fem",9.5,"park",11.028,0.603
14.61,551.163952119079,"R186911","H302",53,"Fem",9.6,"forest",11.673,0.66
14.01,551.076546049591,"R187001","H102",46,"Fem",9.3,"park",11.228,0.589
15.14,549.566532007666,"R187566","A102",47,"Male",10.1,"forest",12.142,0.679
14.69,553.156946114045,"R187539","A302",47,"Fem",10.1,"park",11.734,0.641
13.93,551.234293613588,"R187343","A502",48,"Fem",9.3,"park",11.139,0.655
14.24,550.553659430394,"R187562","A602",47,"Male",9.9,"park",11.345,0.722
14.39,548.677159454904,"R187563","A1002",47,"Fem",9.9,"park",11.471,0.636
13.86,550.969602493689,"R186910","A1202",54,"Fem",9.2,"forest",11.035,0.622
15.07,549.176907175677,"R187528","A1302",45,"Male",10.1,"park",12.1,0.684
14.16,549.431258868099,"R187598","A1602",49,"UNK",9.5,"forest",11.373,0.674
13.25,550.67016667295,"R187527","A1802",45,"Fem",9.2,"forest",10.571,0.585
14.77,550.929883808286,"Fem2","A18B02",53,"Male",9.8,"forest",11.769,0.607
14.24,552.378491764392,"P322402","A2202",45,"Male",9.7,"forest",11.376,0.59
14.24,550.493913033834,"R187569","A22B02",48,"Male",9.7,"park",11.422,0.611
13.93,550.924930015429,"R187568","A2302",47,"Male",9.4,"forest",11.137,0.602
14.39,549.220474602495,"R186909","A2502",53,"Male",9.6,"forest",11.519,0.624
14.31,552.399699381352,"R187518","A2602",45,"Male",9.9,"forest",11.462,0.642
15.98,549.779703196177,"R187537","A2702",47,"Male",10.8,"park",12.828,0.69
14.46,548.522090105943,"R187552","C2602",47,"Male",10.1,"park",11.578,0.61
13.86,550.522571407204,"R187595","C2402",48,"Male",9.6,"forest",11.112,0.659
14.84,551.553327917288,"R187594","C2302",49,"Male",10.3,"park",11.867,0.658
14.99,550.309276632818,"R187517","C2202",44,"Fem",10.4,"park",12.021,0.677
14.61,550.068483737543,"R187400","C1902",47,"Male",10.2,"park",11.746,0.653
13.78,548.734708494809,"R187531","C1302",46,"Fem",9.5,"park",11.031,0.615
14.92,548.301593922012,"R046108","C402",44,"Male",9.9,"park",11.944,0.67
15.37,550.78902858721,"R187399","B2502",47,"Male",10.2,"park",12.284,0.682
14.92,548.615404417308,"R187521","B2202",46,"Male",10.3,"forest",11.946,0.621
14.31,549.338258027706,"R187940","B2102",50,"Fem",9.7,"park",11.496,0.69
14.99,551.199689963226,"R187937","B1902",50,"Male",10.3,"park",11.977,0.641
13.71,550.345300999912,"R187942","B1802",50,"Male",9.3,"park",10.959,0.578
14.69,550.860365732466,"R186908","B1702",53,"Male",10,"park",11.73,0.643
14.54,549.24916719692,"R187824","B1602",53,"Fem",9.8,"forest",11.595,0.628
14.24,550.540401099226,"R187000","B1402",52,"Fem",9.5,"forest",11.374,0.619
14.84,549.245498512353,"R187953","B1302",51,"Fem",10.1,"forest",11.856,0.638
14.54,550.078526527483,"R187947","B1202",51,"Fem",9.8,"park",11.61,0.613
14.39,548.660747833556,"Fem3","B1002",47,"Male",9.7,"forest",11.525,0.594
14.92,550.911539709655,"R187958","B902",51,"Male",9.9,"park",11.925,0.653
14.69,551.238905220952,"R187590","B502",49,"UNK",9.8,"park",11.719,0.72
14.77,551.083919309705,"R187239","B202",48,"Fem",9.8,"forest",11.814,0.727
14.01,549.386389046675,"R187944","D1302",51,"UNK",9.5,"forest",11.226,0.601
14.08,550.294513430994,"R187548","D1202",48,"Fem",9.5,"park",11.213,0.592
14.31,549.774425008955,"R187963","D1102",53,"Male",9.7,"forest",11.384,0.633
14.92,551.661310546409,"R187546","D1002",47,"Fem",10.3,"forest",12.01,0.668
14.08,550.99514853361,"R187545","D902",47,"Fem",9.5,"park",11.243,0.629
14.24,549.694187025709,"R187547","D802",48,"Fem",9.4,"forest",11.422,0.597
15.07,550.533376060153,"R187540","D602",45,"Male",10.2,"forest",12.005,0.662
14.84,551.659059839964,"R187927","D402",50,"Male",10.2,"forest",11.91,0.617
14.46,548.690881709925,"R187932","D202",49,"Male",9.3,"park",11.577,0.632
14.01,550.759221781468,"R187516","D102",45,"Fem",9.4,"park",11.229,0.588
14.39,551.443642695319,"R187523","E2002",46,"Male",9.6,"park",11.47,0.638
14.46,551.094056936993,"R187930","E1902",50,"Male",9.9,"forest",11.555,0.572
15.64,550.536063020679,"R187292","E1802",47,"Male",10.2,"forest",12.471,0.709
14.39,549.712717256673,"R187948","E1702",51,"Male",9.7,"park",11.508,0.67
15.14,548.897615738607,"R187577","E1602",47,"Male",10.3,"park",12.111,0.645
14.77,550.498399480869,"R187524","E1402",45,"Fem",9.8,"park",11.818,0.639
14.54,548.005642597106,"R187961","E1302",52,"Male",10.2,"forest",11.693,0.662
14.08,550.415617205306,"R187579","E1202",47,"Fem",9.6,"park",11.213,0.616
13.86,549.071514337833,"R187166","E1102",47,"Fem",9.4,"park",11.085,0.583
14.61,548.91539377308,"R186907","E1002",53,"Male",9.9,"park",11.691,0.645
14.39,551.515537327528,"R187582","E902",48,"Fem",9.9,"park",11.475,0.647
14.84,548.819494874774,"R187999","E802",52,"Male",10,"park",11.92,0.696
14.69,549.483839966066,"R187588","E702",47,"Male",9.5,"park",11.69,0.663
13.93,548.381240190975,"R187541","E402",47,"Male",9.3,"forest",11.095,0.643
15.07,550.518919882273,"R187945","E302",49,"Male",10.3,"park",12.064,0.653
14.61,551.259151963122,"R188000","F2702",51,"Fem",9.8,"forest",11.675,0.661
14.46,549.150999753481,"R187951","F2502",50,"Fem",9.9,"park",11.516,0.646
15.6,550.493600440763,"R187155","F2402",47,"Male",11.2,"park",12.477,0.696
14.77,551.686826545426,"R187559","F2102",47,"Male",9.9,"park",11.812,0.633
14.31,551.475272030566,"R187557","F1902",47,"Male",9.5,"park",11.5,0.665
14.61,549.347936502475,"R187030","F1702",46,"Fem",9.9,"park",11.7,0.655
15.22,550.507395391015,"R187964","F1502",53,"Male",9.9,"forest",12.116,0.711
14.61,548.747944510397,"R187575","F1102",47,"Male",10.1,"forest",11.681,0.694
14.69,548.313859432293,"R187592","F902",47,"Fem",10.1,"park",11.722,0.652
15.07,552.271937159747,"R187941","F202",50,"Male",10.2,"park",12.077,0.643
13.78,551.304607091668,"R187902","F102",54,"Male",9.1,"forest",11.049,0.552
14.92,549.80382247083,"R187931","G2202",49,"Male",9.6,"park",11.975,0.648
13.93,550.986890603062,"R187573","G1902",47,"Fem",9.6,"park",11.122,0.607
14.16,547.318859045302,"R186902","G1802",52,"Male",9.7,"forest",11.322,0.619
14.77,549.952306574363,"R186901","G1702",52,"Male",9.8,"forest",11.779,0.643
14.01,551.805491659066,"R187916","G1602",49,"Fem",9.6,"forest",11.153,0.613
14.99,548.299403159328,"R187925","G1302",49,"Male",10.1,"forest",11.966,0.688
14.84,548.97045691192,"R187955","G1202",49,"Male",10.2,"park",11.874,0.665
14.84,546.741431267346,"R187637","G702",51,"Male",10.2,"forest",11.876,0.645
15.67,550.501202732185,"R187914","G602",49,"Male",10.5,"park",12.535,0.711
14.92,548.02751438921,"R187571","G502",47,"Fem",10.4,"park",11.954,0.598
14.77,547.72648233116,"R187926","G402",49,"Male",10,"park",11.776,0.571
14.01,549.348783555288,"R187086","G102",47,"Fem",9.3,"park",11.192,0.603
14.39,549.253178512001,"R187515","H3602",45,"Fem",9.8,"forest",11.496,0.647
14.54,548.837128733926,"R187553","H3202",48,"Male",9.8,"forest",11.651,0.684
14.77,549.595236448136,"R187918","H3102",49,"Male",9.9,"park",11.797,0.645
14.24,551.854138760288,"R187920","H3002",50,"Fem",9.9,"park",11.354,0.665
14.92,549.834429604251,"R187512","H2802",45,"Male",10,"forest",11.904,0.667
14.69,550.436096616062,"R187009","H2602",46,"Male",10,"forest",11.689,0.663
13.33,550.330149120701,"R186917","H2502",55,"Fem",9.2,"forest",10.717,0.555
14.16,551.923261438037,"R187957","H1802",51,"Fem",9.7,"park",11.333,0.636
15.45,547.837858331498,"Fem20","H1302",48,"Male",10.8,"park",12.389,0.728
14.61,549.874944063406,"K983388","H1102",48,"Male",9.8,"forest",11.712,0.578
14.61,551.096283907992,"R186903","H702",53,"Male",10,"park",11.704,0.638
13.93,548.476439054227,"R187535","H502",47,"Fem",9.5,"forest",11.12,0.64
15.3,549.57360471155,"R186911","H302",53,"Male",10.2,"park",12.286,0.663
14.92,548.273508974505,"R187001","H102",46,"Male",10.2,"park",11.926,0.652
